[
  {
    "country": "Afghanistan",
    "planName": "Premium",
    "isDataUnlimited": true,
    "dataIncluded": 63,
    "isCallUnlimited": true,
    "callMinutesIncluded": 79,
    "callPricePerMin": 4.8,
    "textPricePerMsg": 1.99,
    "isTextUnlimited": true,
    "textIncluded": 200,
    "planPrice": 40,
    "planId": "d7edc887-f09f-4d6c-89df-6e06316f7468"
  },
  {
    "country": "Albania",
    "planName": "Premium",
    "isDataUnlimited": true,
    "dataIncluded": 36,
    "isCallUnlimited": true,
    "callMinutesIncluded": 62,
    "callPricePerMin": 0.9,
    "textPricePerMsg": 0.68,
    "isTextUnlimited": true,
    "textIncluded": 50,
    "planPrice": 40,
    "planId": "f2b0f1a7-3f9e-4c83-bf7e-f9ef67973ab6"
  },
  {
    "country": "Argentina",
    "planName": "Premium",
    "isDataUnlimited": true,
    "dataIncluded": 26,
    "isCallUnlimited": true,
    "callMinutesIncluded": 72,
    "callPricePerMin": 3.3,
    "textPricePerMsg": 0.05,
    "isTextUnlimited": true,
    "textIncluded": 150,
    "planPrice": 40,
    "planId": "01ac48b0-6749-497b-8801-ef95ac183d72"
  },
  {
    "country": "Armenia",
    "planName": "Premium",
    "isDataUnlimited": true,
    "dataIncluded": 48,
    "isCallUnlimited": true,
    "callMinutesIncluded": 65,
    "callPricePerMin": 1.6,
    "textPricePerMsg": 1.7,
    "isTextUnlimited": true,
    "textIncluded": 100,
    "planPrice": 50,
    "planId": "3eb65377-20e1-4291-9484-95d50000815f"
  },
  {
    "country": "Australia",
    "planName": "Premium",
    "isDataUnlimited": true,
    "dataIncluded": 97,
    "isCallUnlimited": true,
    "callMinutesIncluded": 90,
    "callPricePerMin": 1.5,
    "textPricePerMsg": 1.62,
    "isTextUnlimited": true,
    "textIncluded": 150,
    "planPrice": 60,
    "planId": "6e1ff1ee-3928-470b-a347-3c7aac2af2e2"
  },
  {
    "country": "Austria",
    "planName": "Premium",
    "isDataUnlimited": true,
    "dataIncluded": 65,
    "isCallUnlimited": true,
    "callMinutesIncluded": 60,
    "callPricePerMin": 1.9,
    "textPricePerMsg": 0.03,
    "isTextUnlimited": true,
    "textIncluded": 150,
    "planPrice": 30,
    "planId": "533e27e9-65b5-491b-989d-2df7845a870d"
  },
  {
    "country": "Bangladesh",
    "planName": "Premium",
    "isDataUnlimited": true,
    "dataIncluded": 20,
    "isCallUnlimited": true,
    "callMinutesIncluded": 73,
    "callPricePerMin": 4.6,
    "textPricePerMsg": 0.12,
    "isTextUnlimited": true,
    "textIncluded": 100,
    "planPrice": 40,
    "planId": "66af2417-5a11-4d84-919e-f7d21c7a4e71"
  },
  {
    "country": "Belarus",
    "planName": "Premium",
    "isDataUnlimited": true,
    "dataIncluded": 42,
    "isCallUnlimited": true,
    "callMinutesIncluded": 64,
    "callPricePerMin": 4.0,
    "textPricePerMsg": 1.3,
    "isTextUnlimited": true,
    "textIncluded": 100,
    "planPrice": 60,
    "planId": "bb6ae9e3-1c58-4ee7-b0e1-f889cec8dc99"
  },
  {
    "country": "Bolivia",
    "planName": "Premium",
    "isDataUnlimited": true,
    "dataIncluded": 12,
    "isCallUnlimited": true,
    "callMinutesIncluded": 58,
    "callPricePerMin": 3.6,
    "textPricePerMsg": 0.61,
    "isTextUnlimited": true,
    "textIncluded": 150,
    "planPrice": 30,
    "planId": "41a76d95-deea-4b6d-95e8-b22f0d959bbe"
  },
  {
    "country": "Bosnia and Herzegovina",
    "planName": "Premium",
    "isDataUnlimited": true,
    "dataIncluded": 13,
    "isCallUnlimited": true,
    "callMinutesIncluded": 56,
    "callPricePerMin": 0.7,
    "textPricePerMsg": 1.7,
    "isTextUnlimited": true,
    "textIncluded": 100,
    "planPrice": 30,
    "planId": "4daaf5db-12f8-4da7-ab5f-39ce763d1433"
  },
  {
    "country": "Botswana",
    "planName": "Premium",
    "isDataUnlimited": true,
    "dataIncluded": 37,
    "isCallUnlimited": true,
    "callMinutesIncluded": 92,
    "callPricePerMin": 4.0,
    "textPricePerMsg": 1.98,
    "isTextUnlimited": true,
    "textIncluded": 100,
    "planPrice": 40,
    "planId": "f42e0b9d-edfc-42c7-a189-b11ca63cf189"
  },
  {
    "country": "Brazil",
    "planName": "Premium",
    "isDataUnlimited": true,
    "dataIncluded": 21,
    "isCallUnlimited": true,
    "callMinutesIncluded": 77,
    "callPricePerMin": 3.9,
    "textPricePerMsg": 0.99,
    "isTextUnlimited": true,
    "textIncluded": 50,
    "planPrice": 50,
    "planId": "5579fb50-a8e4-48f2-a8e1-4aa128d4067d"
  },
  {
    "country": "Bulgaria",
    "planName": "Premium",
    "isDataUnlimited": true,
    "dataIncluded": 21,
    "isCallUnlimited": true,
    "callMinutesIncluded": 96,
    "callPricePerMin": 4.6,
    "textPricePerMsg": 0.46,
    "isTextUnlimited": true,
    "textIncluded": 50,
    "planPrice": 40,
    "planId": "aa5883e5-2062-4d56-9556-88d9e021dbe1"
  },
  {
    "country": "Burkina Faso",
    "planName": "Premium",
    "isDataUnlimited": true,
    "dataIncluded": 11,
    "isCallUnlimited": true,
    "callMinutesIncluded": 52,
    "callPricePerMin": 1.7,
    "textPricePerMsg": 0.98,
    "isTextUnlimited": true,
    "textIncluded": 50,
    "planPrice": 60,
    "planId": "dc23492a-c2f7-4fbd-bf95-fba7eb1ab079"
  },
  {
    "country": "Cameroon",
    "planName": "Premium",
    "isDataUnlimited": true,
    "dataIncluded": 5,
    "isCallUnlimited": true,
    "callMinutesIncluded": 95,
    "callPricePerMin": 1.9,
    "textPricePerMsg": 0.69,
    "isTextUnlimited": true,
    "textIncluded": 150,
    "planPrice": 60,
    "planId": "918984c0-d428-4aea-b02d-d8b729c08876"
  },
  {
    "country": "Canada",
    "planName": "Premium",
    "isDataUnlimited": true,
    "dataIncluded": 32,
    "isCallUnlimited": true,
    "callMinutesIncluded": 64,
    "callPricePerMin": 4.7,
    "textPricePerMsg": 0.89,
    "isTextUnlimited": true,
    "textIncluded": 100,
    "planPrice": 70,
    "planId": "540ca12f-61ae-46ee-b6ce-c7012a831ae2"
  },
  {
    "country": "Central African Republic",
    "planName": "Premium",
    "isDataUnlimited": true,
    "dataIncluded": 48,
    "isCallUnlimited": true,
    "callMinutesIncluded": 91,
    "callPricePerMin": 0.9,
    "textPricePerMsg": 0.28,
    "isTextUnlimited": true,
    "textIncluded": 100,
    "planPrice": 30,
    "planId": "76be5286-75ea-4e50-a5f6-55eab159e3e1"
  },
  {
    "country": "Chad",
    "planName": "Premium",
    "isDataUnlimited": true,
    "dataIncluded": 50,
    "isCallUnlimited": true,
    "callMinutesIncluded": 72,
    "callPricePerMin": 2.1,
    "textPricePerMsg": 0.68,
    "isTextUnlimited": true,
    "textIncluded": 200,
    "planPrice": 70,
    "planId": "6a055da8-d88b-4911-adf2-1b43ffb033bb"
  },
  {
    "country": "Chile",
    "planName": "Premium",
    "isDataUnlimited": true,
    "dataIncluded": 35,
    "isCallUnlimited": true,
    "callMinutesIncluded": 50,
    "callPricePerMin": 1.0,
    "textPricePerMsg": 1.79,
    "isTextUnlimited": true,
    "textIncluded": 50,
    "planPrice": 30,
    "planId": "b6212880-64fa-4b78-8291-05a7c872dd48"
  },
  {
    "country": "China",
    "planName": "Premium",
    "isDataUnlimited": true,
    "dataIncluded": 81,
    "isCallUnlimited": true,
    "callMinutesIncluded": 52,
    "callPricePerMin": 4.7,
    "textPricePerMsg": 1.63,
    "isTextUnlimited": true,
    "textIncluded": 150,
    "planPrice": 60,
    "planId": "be6eaaa2-03ab-47b6-ac6b-d8bd67304a58"
  },
  {
    "country": "Colombia",
    "planName": "Premium",
    "isDataUnlimited": true,
    "dataIncluded": 87,
    "isCallUnlimited": true,
    "callMinutesIncluded": 100,
    "callPricePerMin": 3.3,
    "textPricePerMsg": 1.61,
    "isTextUnlimited": true,
    "textIncluded": 100,
    "planPrice": 50,
    "planId": "ec1676b0-8163-4408-b7cf-3cd652dd42e4"
  },
  {
    "country": "Comoros",
    "planName": "Premium",
    "isDataUnlimited": true,
    "dataIncluded": 19,
    "isCallUnlimited": true,
    "callMinutesIncluded": 82,
    "callPricePerMin": 2.2,
    "textPricePerMsg": 1.81,
    "isTextUnlimited": true,
    "textIncluded": 150,
    "planPrice": 50,
    "planId": "2e01de27-b951-4b77-8991-f56aaac4773f"
  },
  {
    "country": "Costa Rica",
    "planName": "Premium",
    "isDataUnlimited": true,
    "dataIncluded": 17,
    "isCallUnlimited": true,
    "callMinutesIncluded": 54,
    "callPricePerMin": 2.0,
    "textPricePerMsg": 1.59,
    "isTextUnlimited": true,
    "textIncluded": 150,
    "planPrice": 30,
    "planId": "0f00277b-ea33-48d0-be76-d634b96b6799"
  },
  {
    "country": "Croatia",
    "planName": "Premium",
    "isDataUnlimited": true,
    "dataIncluded": 1,
    "isCallUnlimited": true,
    "callMinutesIncluded": 63,
    "callPricePerMin": 4.4,
    "textPricePerMsg": 0.08,
    "isTextUnlimited": true,
    "textIncluded": 150,
    "planPrice": 60,
    "planId": "bedf8d18-1b9e-4883-937d-be9ef5fcba6c"
  },
  {
    "country": "Cuba",
    "planName": "Premium",
    "isDataUnlimited": true,
    "dataIncluded": 87,
    "isCallUnlimited": true,
    "callMinutesIncluded": 93,
    "callPricePerMin": 3.7,
    "textPricePerMsg": 0.3,
    "isTextUnlimited": true,
    "textIncluded": 200,
    "planPrice": 40,
    "planId": "3edc5d22-5b1d-4df1-a641-d75b6d6000ae"
  },
  {
    "country": "Czech Republic",
    "planName": "Premium",
    "isDataUnlimited": true,
    "dataIncluded": 99,
    "isCallUnlimited": true,
    "callMinutesIncluded": 70,
    "callPricePerMin": 2.3,
    "textPricePerMsg": 1.91,
    "isTextUnlimited": true,
    "textIncluded": 200,
    "planPrice": 40,
    "planId": "9019c32a-0843-4f96-a9fb-1cb09c39315d"
  },
  {
    "country": "Democratic Republic of the Congo",
    "planName": "Premium",
    "isDataUnlimited": true,
    "dataIncluded": 43,
    "isCallUnlimited": true,
    "callMinutesIncluded": 64,
    "callPricePerMin": 2.5,
    "textPricePerMsg": 0.72,
    "isTextUnlimited": true,
    "textIncluded": 150,
    "planPrice": 30,
    "planId": "09418742-63f9-4c66-80c9-19438e004ba9"
  },
  {
    "country": "Denmark",
    "planName": "Premium",
    "isDataUnlimited": true,
    "dataIncluded": 88,
    "isCallUnlimited": true,
    "callMinutesIncluded": 59,
    "callPricePerMin": 1.1,
    "textPricePerMsg": 0.18,
    "isTextUnlimited": true,
    "textIncluded": 150,
    "planPrice": 70,
    "planId": "5fb9fec9-fddf-4126-a55a-cc75dfed6424"
  },
  {
    "country": "Dominican Republic",
    "planName": "Premium",
    "isDataUnlimited": true,
    "dataIncluded": 19,
    "isCallUnlimited": true,
    "callMinutesIncluded": 80,
    "callPricePerMin": 1.8,
    "textPricePerMsg": 0.8,
    "isTextUnlimited": true,
    "textIncluded": 100,
    "planPrice": 50,
    "planId": "d6af6380-1d67-4228-adaf-23407a3fccb7"
  },
  {
    "country": "East Timor",
    "planName": "Premium",
    "isDataUnlimited": true,
    "dataIncluded": 26,
    "isCallUnlimited": true,
    "callMinutesIncluded": 79,
    "callPricePerMin": 3.7,
    "textPricePerMsg": 1.11,
    "isTextUnlimited": true,
    "textIncluded": 50,
    "planPrice": 60,
    "planId": "86e0ea66-9c88-4ffc-baa1-a7cdc6a43601"
  },
  {
    "country": "Ecuador",
    "planName": "Premium",
    "isDataUnlimited": true,
    "dataIncluded": 81,
    "isCallUnlimited": true,
    "callMinutesIncluded": 69,
    "callPricePerMin": 0.7,
    "textPricePerMsg": 0.97,
    "isTextUnlimited": true,
    "textIncluded": 200,
    "planPrice": 70,
    "planId": "360f2e80-cd19-4a10-83f0-225642696af0"
  },
  {
    "country": "Egypt",
    "planName": "Premium",
    "isDataUnlimited": true,
    "dataIncluded": 37,
    "isCallUnlimited": true,
    "callMinutesIncluded": 80,
    "callPricePerMin": 3.5,
    "textPricePerMsg": 0.91,
    "isTextUnlimited": true,
    "textIncluded": 100,
    "planPrice": 60,
    "planId": "d0308e5e-e19e-4ccb-a088-5966da48b91e"
  },
  {
    "country": "Equatorial Guinea",
    "planName": "Premium",
    "isDataUnlimited": true,
    "dataIncluded": 67,
    "isCallUnlimited": true,
    "callMinutesIncluded": 94,
    "callPricePerMin": 1.8,
    "textPricePerMsg": 0.71,
    "isTextUnlimited": true,
    "textIncluded": 150,
    "planPrice": 70,
    "planId": "8e3e031d-50a7-45e4-a2c8-54fdbe8b4e47"
  },
  {
    "country": "Estonia",
    "planName": "Premium",
    "isDataUnlimited": true,
    "dataIncluded": 29,
    "isCallUnlimited": true,
    "callMinutesIncluded": 89,
    "callPricePerMin": 1.7,
    "textPricePerMsg": 1.61,
    "isTextUnlimited": true,
    "textIncluded": 100,
    "planPrice": 30,
    "planId": "ae5bb8d6-68a1-4299-aba3-7d7934a4066e"
  },
  {
    "country": "Finland",
    "planName": "Premium",
    "isDataUnlimited": true,
    "dataIncluded": 79,
    "isCallUnlimited": true,
    "callMinutesIncluded": 80,
    "callPricePerMin": 2.2,
    "textPricePerMsg": 0.5,
    "isTextUnlimited": true,
    "textIncluded": 50,
    "planPrice": 40,
    "planId": "bacaac1c-be48-4f6b-80d8-d2d847b07b8d"
  },
  {
    "country": "France",
    "planName": "Premium",
    "isDataUnlimited": true,
    "dataIncluded": 1,
    "isCallUnlimited": true,
    "callMinutesIncluded": 89,
    "callPricePerMin": 4.0,
    "textPricePerMsg": 1.41,
    "isTextUnlimited": true,
    "textIncluded": 100,
    "planPrice": 30,
    "planId": "aac4353c-f0c6-460e-88ab-4d87441f800d"
  },
  {
    "country": "Gabon",
    "planName": "Premium",
    "isDataUnlimited": true,
    "dataIncluded": 21,
    "isCallUnlimited": true,
    "callMinutesIncluded": 72,
    "callPricePerMin": 4.7,
    "textPricePerMsg": 0.22,
    "isTextUnlimited": true,
    "textIncluded": 200,
    "planPrice": 40,
    "planId": "e972102c-d943-4891-a05d-5466efa7de9d"
  },
  {
    "country": "Gambia",
    "planName": "Premium",
    "isDataUnlimited": true,
    "dataIncluded": 18,
    "isCallUnlimited": true,
    "callMinutesIncluded": 82,
    "callPricePerMin": 0.3,
    "textPricePerMsg": 1.71,
    "isTextUnlimited": true,
    "textIncluded": 100,
    "planPrice": 70,
    "planId": "96a043a4-b32c-47fc-bf3b-67ec2512bd9d"
  },
  {
    "country": "Georgia",
    "planName": "Premium",
    "isDataUnlimited": true,
    "dataIncluded": 32,
    "isCallUnlimited": true,
    "callMinutesIncluded": 64,
    "callPricePerMin": 4.1,
    "textPricePerMsg": 1.12,
    "isTextUnlimited": true,
    "textIncluded": 50,
    "planPrice": 40,
    "planId": "874287eb-c005-4979-9020-5d73ad53ee2f"
  },
  {
    "country": "Germany",
    "planName": "Premium",
    "isDataUnlimited": true,
    "dataIncluded": 8,
    "isCallUnlimited": true,
    "callMinutesIncluded": 78,
    "callPricePerMin": 2.1,
    "textPricePerMsg": 0.29,
    "isTextUnlimited": true,
    "textIncluded": 200,
    "planPrice": 30,
    "planId": "46b9f71b-bc54-4f41-927c-c22b09d095ba"
  },
  {
    "country": "Ghana",
    "planName": "Premium",
    "isDataUnlimited": true,
    "dataIncluded": 34,
    "isCallUnlimited": true,
    "callMinutesIncluded": 92,
    "callPricePerMin": 0.8,
    "textPricePerMsg": 0.33,
    "isTextUnlimited": true,
    "textIncluded": 50,
    "planPrice": 60,
    "planId": "9fd8a5c5-1e75-4732-ada4-8789ba2993e4"
  },
  {
    "country": "Greece",
    "planName": "Premium",
    "isDataUnlimited": true,
    "dataIncluded": 28,
    "isCallUnlimited": true,
    "callMinutesIncluded": 56,
    "callPricePerMin": 4.2,
    "textPricePerMsg": 1.39,
    "isTextUnlimited": true,
    "textIncluded": 100,
    "planPrice": 50,
    "planId": "944e0975-cc85-45a4-99ff-65b7e544aea1"
  },
  {
    "country": "Guatemala",
    "planName": "Premium",
    "isDataUnlimited": true,
    "dataIncluded": 59,
    "isCallUnlimited": true,
    "callMinutesIncluded": 90,
    "callPricePerMin": 2.3,
    "textPricePerMsg": 0.39,
    "isTextUnlimited": true,
    "textIncluded": 150,
    "planPrice": 40,
    "planId": "bc19663c-c85f-4043-8205-e49635329c7c"
  },
  {
    "country": "Guyana",
    "planName": "Premium",
    "isDataUnlimited": true,
    "dataIncluded": 36,
    "isCallUnlimited": true,
    "callMinutesIncluded": 57,
    "callPricePerMin": 2.9,
    "textPricePerMsg": 1.44,
    "isTextUnlimited": true,
    "textIncluded": 100,
    "planPrice": 50,
    "planId": "c646612d-c1f3-4f69-806b-1f5861104042"
  },
  {
    "country": "Haiti",
    "planName": "Premium",
    "isDataUnlimited": true,
    "dataIncluded": 88,
    "isCallUnlimited": true,
    "callMinutesIncluded": 76,
    "callPricePerMin": 1.4,
    "textPricePerMsg": 0.06,
    "isTextUnlimited": true,
    "textIncluded": 200,
    "planPrice": 40,
    "planId": "6755cf12-6c36-47ad-9282-b6dd6cfa3fe0"
  },
  {
    "country": "Honduras",
    "planName": "Premium",
    "isDataUnlimited": true,
    "dataIncluded": 50,
    "isCallUnlimited": true,
    "callMinutesIncluded": 93,
    "callPricePerMin": 2.6,
    "textPricePerMsg": 0.35,
    "isTextUnlimited": true,
    "textIncluded": 200,
    "planPrice": 60,
    "planId": "9d443b8f-c814-437e-9bb8-aa59717027b2"
  },
  {
    "country": "Hong Kong",
    "planName": "Premium",
    "isDataUnlimited": true,
    "dataIncluded": 24,
    "isCallUnlimited": true,
    "callMinutesIncluded": 62,
    "callPricePerMin": 3.4,
    "textPricePerMsg": 0.88,
    "isTextUnlimited": true,
    "textIncluded": 150,
    "planPrice": 50,
    "planId": "32c43ebc-353a-451f-b35c-c352208728eb"
  },
  {
    "country": "Hungary",
    "planName": "Premium",
    "isDataUnlimited": true,
    "dataIncluded": 60,
    "isCallUnlimited": true,
    "callMinutesIncluded": 77,
    "callPricePerMin": 3.3,
    "textPricePerMsg": 1.14,
    "isTextUnlimited": true,
    "textIncluded": 50,
    "planPrice": 40,
    "planId": "83bbb37b-2937-45f5-8e88-1da9868c0e5e"
  },
  {
    "country": "Iceland",
    "planName": "Premium",
    "isDataUnlimited": true,
    "dataIncluded": 31,
    "isCallUnlimited": true,
    "callMinutesIncluded": 51,
    "callPricePerMin": 0.6,
    "textPricePerMsg": 1.02,
    "isTextUnlimited": true,
    "textIncluded": 100,
    "planPrice": 60,
    "planId": "e89ee777-b96e-43b7-8907-18af91b0dd1d"
  },
  {
    "country": "India",
    "planName": "Premium",
    "isDataUnlimited": true,
    "dataIncluded": 100,
    "isCallUnlimited": true,
    "callMinutesIncluded": 55,
    "callPricePerMin": 3.9,
    "textPricePerMsg": 0.46,
    "isTextUnlimited": true,
    "textIncluded": 100,
    "planPrice": 40,
    "planId": "040c4f7b-18b7-4f4a-aa4c-23ed393dcc7a"
  },
  {
    "country": "Indonesia",
    "planName": "Premium",
    "isDataUnlimited": true,
    "dataIncluded": 68,
    "isCallUnlimited": true,
    "callMinutesIncluded": 81,
    "callPricePerMin": 4.9,
    "textPricePerMsg": 1.27,
    "isTextUnlimited": true,
    "textIncluded": 200,
    "planPrice": 40,
    "planId": "7c738099-2837-4a9b-8578-9f860fb0242d"
  },
  {
    "country": "Iran",
    "planName": "Premium",
    "isDataUnlimited": true,
    "dataIncluded": 73,
    "isCallUnlimited": true,
    "callMinutesIncluded": 99,
    "callPricePerMin": 0.7,
    "textPricePerMsg": 1.36,
    "isTextUnlimited": true,
    "textIncluded": 200,
    "planPrice": 50,
    "planId": "9478d100-dce7-42ad-8935-6655d3f252cb"
  },
  {
    "country": "Ireland",
    "planName": "Premium",
    "isDataUnlimited": true,
    "dataIncluded": 11,
    "isCallUnlimited": true,
    "callMinutesIncluded": 56,
    "callPricePerMin": 4.3,
    "textPricePerMsg": 0.21,
    "isTextUnlimited": true,
    "textIncluded": 50,
    "planPrice": 30,
    "planId": "01bca764-8aa0-4c64-b914-f7f7f7e1a7c6"
  },
  {
    "country": "Israel",
    "planName": "Premium",
    "isDataUnlimited": true,
    "dataIncluded": 19,
    "isCallUnlimited": true,
    "callMinutesIncluded": 79,
    "callPricePerMin": 4.5,
    "textPricePerMsg": 0.17,
    "isTextUnlimited": true,
    "textIncluded": 150,
    "planPrice": 50,
    "planId": "44176668-bb2b-4cbb-91da-070cc33d7974"
  },
  {
    "country": "Italy",
    "planName": "Premium",
    "isDataUnlimited": true,
    "dataIncluded": 32,
    "isCallUnlimited": true,
    "callMinutesIncluded": 90,
    "callPricePerMin": 4.5,
    "textPricePerMsg": 0.4,
    "isTextUnlimited": true,
    "textIncluded": 150,
    "planPrice": 50,
    "planId": "c7fbe97a-7ffc-4092-936f-7028201479d4"
  },
  {
    "country": "Ivory Coast",
    "planName": "Premium",
    "isDataUnlimited": true,
    "dataIncluded": 43,
    "isCallUnlimited": true,
    "callMinutesIncluded": 60,
    "callPricePerMin": 3.7,
    "textPricePerMsg": 1.71,
    "isTextUnlimited": true,
    "textIncluded": 50,
    "planPrice": 60,
    "planId": "460afa0e-137a-4d1b-a67f-80eec1382633"
  },
  {
    "country": "Japan",
    "planName": "Premium",
    "isDataUnlimited": true,
    "dataIncluded": 86,
    "isCallUnlimited": true,
    "callMinutesIncluded": 96,
    "callPricePerMin": 0.2,
    "textPricePerMsg": 1.67,
    "isTextUnlimited": true,
    "textIncluded": 50,
    "planPrice": 40,
    "planId": "3016146c-b05b-48e3-a40e-df9af069bd5e"
  },
  {
    "country": "Kazakhstan",
    "planName": "Premium",
    "isDataUnlimited": true,
    "dataIncluded": 16,
    "isCallUnlimited": true,
    "callMinutesIncluded": 55,
    "callPricePerMin": 0.3,
    "textPricePerMsg": 0.73,
    "isTextUnlimited": true,
    "textIncluded": 150,
    "planPrice": 60,
    "planId": "44139e87-04dc-4af9-abfc-a980ae0c85d5"
  },
  {
    "country": "Kenya",
    "planName": "Premium",
    "isDataUnlimited": true,
    "dataIncluded": 94,
    "isCallUnlimited": true,
    "callMinutesIncluded": 62,
    "callPricePerMin": 2.3,
    "textPricePerMsg": 0.83,
    "isTextUnlimited": true,
    "textIncluded": 200,
    "planPrice": 40,
    "planId": "f64026e7-5a08-4185-a54a-1f96e5e8b2d1"
  },
  {
    "country": "Kosovo",
    "planName": "Premium",
    "isDataUnlimited": true,
    "dataIncluded": 80,
    "isCallUnlimited": true,
    "callMinutesIncluded": 63,
    "callPricePerMin": 2.3,
    "textPricePerMsg": 1.0,
    "isTextUnlimited": true,
    "textIncluded": 200,
    "planPrice": 40,
    "planId": "0ad32987-a61e-40b7-acdf-13cb62751a75"
  },
  {
    "country": "Kuwait",
    "planName": "Premium",
    "isDataUnlimited": true,
    "dataIncluded": 22,
    "isCallUnlimited": true,
    "callMinutesIncluded": 53,
    "callPricePerMin": 4.9,
    "textPricePerMsg": 0.78,
    "isTextUnlimited": true,
    "textIncluded": 50,
    "planPrice": 50,
    "planId": "4f58aaab-7c4f-461a-a667-790eaaffd4b6"
  },
  {
    "country": "Kyrgyzstan",
    "planName": "Premium",
    "isDataUnlimited": true,
    "dataIncluded": 50,
    "isCallUnlimited": true,
    "callMinutesIncluded": 77,
    "callPricePerMin": 3.4,
    "textPricePerMsg": 0.85,
    "isTextUnlimited": true,
    "textIncluded": 150,
    "planPrice": 50,
    "planId": "0a58c5bb-0ce7-4bb8-9ad9-64b710090746"
  },
  {
    "country": "Laos",
    "planName": "Premium",
    "isDataUnlimited": true,
    "dataIncluded": 72,
    "isCallUnlimited": true,
    "callMinutesIncluded": 90,
    "callPricePerMin": 3.9,
    "textPricePerMsg": 0.68,
    "isTextUnlimited": true,
    "textIncluded": 100,
    "planPrice": 40,
    "planId": "a39e3f50-1d45-4a12-8936-7687e83022e3"
  },
  {
    "country": "Latvia",
    "planName": "Premium",
    "isDataUnlimited": true,
    "dataIncluded": 1,
    "isCallUnlimited": true,
    "callMinutesIncluded": 74,
    "callPricePerMin": 4.8,
    "textPricePerMsg": 1.85,
    "isTextUnlimited": true,
    "textIncluded": 200,
    "planPrice": 40,
    "planId": "23021f73-ad5e-4a16-85a5-c62451dfd10a"
  },
  {
    "country": "Liberia",
    "planName": "Premium",
    "isDataUnlimited": true,
    "dataIncluded": 57,
    "isCallUnlimited": true,
    "callMinutesIncluded": 64,
    "callPricePerMin": 2.2,
    "textPricePerMsg": 0.78,
    "isTextUnlimited": true,
    "textIncluded": 100,
    "planPrice": 60,
    "planId": "0a9a6d31-c8ee-4b22-8a8f-42cb121b88b3"
  },
  {
    "country": "Lithuania",
    "planName": "Premium",
    "isDataUnlimited": true,
    "dataIncluded": 57,
    "isCallUnlimited": true,
    "callMinutesIncluded": 95,
    "callPricePerMin": 4.9,
    "textPricePerMsg": 0.23,
    "isTextUnlimited": true,
    "textIncluded": 100,
    "planPrice": 30,
    "planId": "8105af21-8671-4814-904a-54426a897036"
  },
  {
    "country": "Macedonia",
    "planName": "Premium",
    "isDataUnlimited": true,
    "dataIncluded": 14,
    "isCallUnlimited": true,
    "callMinutesIncluded": 84,
    "callPricePerMin": 3.7,
    "textPricePerMsg": 1.74,
    "isTextUnlimited": true,
    "textIncluded": 150,
    "planPrice": 60,
    "planId": "40669909-b086-4309-8925-fd7bf8927a61"
  },
  {
    "country": "Madagascar",
    "planName": "Premium",
    "isDataUnlimited": true,
    "dataIncluded": 12,
    "isCallUnlimited": true,
    "callMinutesIncluded": 53,
    "callPricePerMin": 1.2,
    "textPricePerMsg": 0.71,
    "isTextUnlimited": true,
    "textIncluded": 200,
    "planPrice": 40,
    "planId": "8dd3ea19-22e7-43b2-accd-5ab86b5c15b4"
  },
  {
    "country": "Malaysia",
    "planName": "Premium",
    "isDataUnlimited": true,
    "dataIncluded": 7,
    "isCallUnlimited": true,
    "callMinutesIncluded": 94,
    "callPricePerMin": 1.6,
    "textPricePerMsg": 0.65,
    "isTextUnlimited": true,
    "textIncluded": 50,
    "planPrice": 40,
    "planId": "58694f30-274c-4deb-afa2-77fb239c8767"
  },
  {
    "country": "Mali",
    "planName": "Premium",
    "isDataUnlimited": true,
    "dataIncluded": 30,
    "isCallUnlimited": true,
    "callMinutesIncluded": 92,
    "callPricePerMin": 2.3,
    "textPricePerMsg": 0.83,
    "isTextUnlimited": true,
    "textIncluded": 200,
    "planPrice": 70,
    "planId": "96965795-0a3a-4c57-bb6f-bac794417e7c"
  },
  {
    "country": "Mauritania",
    "planName": "Premium",
    "isDataUnlimited": true,
    "dataIncluded": 15,
    "isCallUnlimited": true,
    "callMinutesIncluded": 98,
    "callPricePerMin": 1.2,
    "textPricePerMsg": 1.78,
    "isTextUnlimited": true,
    "textIncluded": 100,
    "planPrice": 30,
    "planId": "6aaaead7-426f-4c10-a4bd-9bbeadda510c"
  },
  {
    "country": "Mauritius",
    "planName": "Premium",
    "isDataUnlimited": true,
    "dataIncluded": 34,
    "isCallUnlimited": true,
    "callMinutesIncluded": 73,
    "callPricePerMin": 4.7,
    "textPricePerMsg": 0.69,
    "isTextUnlimited": true,
    "textIncluded": 100,
    "planPrice": 40,
    "planId": "eb8322c9-24e2-410c-9296-4e4cfd5f3e39"
  },
  {
    "country": "Mexico",
    "planName": "Premium",
    "isDataUnlimited": true,
    "dataIncluded": 94,
    "isCallUnlimited": true,
    "callMinutesIncluded": 62,
    "callPricePerMin": 1.0,
    "textPricePerMsg": 1.37,
    "isTextUnlimited": true,
    "textIncluded": 50,
    "planPrice": 70,
    "planId": "f92ad2b8-95e9-48a2-90a0-3c933dbc2029"
  },
  {
    "country": "Micronesia",
    "planName": "Premium",
    "isDataUnlimited": true,
    "dataIncluded": 11,
    "isCallUnlimited": true,
    "callMinutesIncluded": 93,
    "callPricePerMin": 0.7,
    "textPricePerMsg": 0.86,
    "isTextUnlimited": true,
    "textIncluded": 200,
    "planPrice": 40,
    "planId": "6c6420d0-6281-490e-9c95-484da16ee8ac"
  },
  {
    "country": "Mongolia",
    "planName": "Premium",
    "isDataUnlimited": true,
    "dataIncluded": 34,
    "isCallUnlimited": true,
    "callMinutesIncluded": 78,
    "callPricePerMin": 4.8,
    "textPricePerMsg": 0.5,
    "isTextUnlimited": true,
    "textIncluded": 50,
    "planPrice": 30,
    "planId": "8d1c5b99-2d0c-4074-9ca2-f0019ce2dfb3"
  },
  {
    "country": "Montenegro",
    "planName": "Premium",
    "isDataUnlimited": true,
    "dataIncluded": 43,
    "isCallUnlimited": true,
    "callMinutesIncluded": 81,
    "callPricePerMin": 3.7,
    "textPricePerMsg": 1.83,
    "isTextUnlimited": true,
    "textIncluded": 150,
    "planPrice": 30,
    "planId": "06d36e32-5c3b-40a8-8a5d-30bb6bdecca0"
  },
  {
    "country": "Morocco",
    "planName": "Premium",
    "isDataUnlimited": true,
    "dataIncluded": 97,
    "isCallUnlimited": true,
    "callMinutesIncluded": 99,
    "callPricePerMin": 2.5,
    "textPricePerMsg": 1.71,
    "isTextUnlimited": true,
    "textIncluded": 100,
    "planPrice": 30,
    "planId": "a721692a-17d6-4fe5-8f89-5c3a25dea08e"
  },
  {
    "country": "Myanmar",
    "planName": "Premium",
    "isDataUnlimited": true,
    "dataIncluded": 96,
    "isCallUnlimited": true,
    "callMinutesIncluded": 50,
    "callPricePerMin": 0.9,
    "textPricePerMsg": 1.44,
    "isTextUnlimited": true,
    "textIncluded": 150,
    "planPrice": 50,
    "planId": "ec504b84-6209-4de6-a8b7-e0699ab9eb2c"
  },
  {
    "country": "Nepal",
    "planName": "Premium",
    "isDataUnlimited": true,
    "dataIncluded": 2,
    "isCallUnlimited": true,
    "callMinutesIncluded": 82,
    "callPricePerMin": 0.8,
    "textPricePerMsg": 0.65,
    "isTextUnlimited": true,
    "textIncluded": 200,
    "planPrice": 30,
    "planId": "617067ae-c03a-4a31-9ee6-c19ba464f11f"
  },
  {
    "country": "Netherlands",
    "planName": "Premium",
    "isDataUnlimited": true,
    "dataIncluded": 28,
    "isCallUnlimited": true,
    "callMinutesIncluded": 94,
    "callPricePerMin": 1.0,
    "textPricePerMsg": 1.19,
    "isTextUnlimited": true,
    "textIncluded": 50,
    "planPrice": 70,
    "planId": "f6700c83-2667-49f8-8c4e-f470a8ca761c"
  },
  {
    "country": "New Zealand",
    "planName": "Premium",
    "isDataUnlimited": true,
    "dataIncluded": 57,
    "isCallUnlimited": true,
    "callMinutesIncluded": 74,
    "callPricePerMin": 4.7,
    "textPricePerMsg": 0.11,
    "isTextUnlimited": true,
    "textIncluded": 50,
    "planPrice": 30,
    "planId": "da012b6d-e7c6-42d3-be1c-8ecfab05bb33"
  },
  {
    "country": "Nigeria",
    "planName": "Premium",
    "isDataUnlimited": true,
    "dataIncluded": 76,
    "isCallUnlimited": true,
    "callMinutesIncluded": 63,
    "callPricePerMin": 2.6,
    "textPricePerMsg": 0.78,
    "isTextUnlimited": true,
    "textIncluded": 100,
    "planPrice": 60,
    "planId": "ac68054b-5dc6-4e1d-84f7-80bce316ff5a"
  },
  {
    "country": "Norway",
    "planName": "Premium",
    "isDataUnlimited": true,
    "dataIncluded": 53,
    "isCallUnlimited": true,
    "callMinutesIncluded": 64,
    "callPricePerMin": 2.7,
    "textPricePerMsg": 1.07,
    "isTextUnlimited": true,
    "textIncluded": 50,
    "planPrice": 70,
    "planId": "11ec8a82-6412-4646-8de4-ffe1946adbc5"
  },
  {
    "country": "Oman",
    "planName": "Premium",
    "isDataUnlimited": true,
    "dataIncluded": 16,
    "isCallUnlimited": true,
    "callMinutesIncluded": 98,
    "callPricePerMin": 3.3,
    "textPricePerMsg": 0.27,
    "isTextUnlimited": true,
    "textIncluded": 150,
    "planPrice": 60,
    "planId": "9a3e9e26-b8fe-4a6a-a183-f4d6471570f2"
  },
  {
    "country": "Pakistan",
    "planName": "Premium",
    "isDataUnlimited": true,
    "dataIncluded": 66,
    "isCallUnlimited": true,
    "callMinutesIncluded": 68,
    "callPricePerMin": 2.8,
    "textPricePerMsg": 1.51,
    "isTextUnlimited": true,
    "textIncluded": 200,
    "planPrice": 70,
    "planId": "56edb61f-ccf6-4fe4-941c-67138d0b9ab4"
  },
  {
    "country": "Palestinian Territory",
    "planName": "Premium",
    "isDataUnlimited": true,
    "dataIncluded": 20,
    "isCallUnlimited": true,
    "callMinutesIncluded": 65,
    "callPricePerMin": 2.4,
    "textPricePerMsg": 0.98,
    "isTextUnlimited": true,
    "textIncluded": 100,
    "planPrice": 40,
    "planId": "a1a8ef87-4dda-41b7-bb7c-2044c67f9874"
  },
  {
    "country": "Panama",
    "planName": "Premium",
    "isDataUnlimited": true,
    "dataIncluded": 7,
    "isCallUnlimited": true,
    "callMinutesIncluded": 51,
    "callPricePerMin": 2.1,
    "textPricePerMsg": 0.58,
    "isTextUnlimited": true,
    "textIncluded": 150,
    "planPrice": 40,
    "planId": "8f3515aa-f25a-44f5-9e16-6a749e140740"
  },
  {
    "country": "Papua New Guinea",
    "planName": "Premium",
    "isDataUnlimited": true,
    "dataIncluded": 80,
    "isCallUnlimited": true,
    "callMinutesIncluded": 95,
    "callPricePerMin": 0.3,
    "textPricePerMsg": 0.26,
    "isTextUnlimited": true,
    "textIncluded": 200,
    "planPrice": 40,
    "planId": "533f0986-6fef-4ad3-86d4-2bea05fbe447"
  },
  {
    "country": "Paraguay",
    "planName": "Premium",
    "isDataUnlimited": true,
    "dataIncluded": 72,
    "isCallUnlimited": true,
    "callMinutesIncluded": 93,
    "callPricePerMin": 3.0,
    "textPricePerMsg": 1.66,
    "isTextUnlimited": true,
    "textIncluded": 200,
    "planPrice": 70,
    "planId": "773766a3-7c32-4615-ac9d-aca7668bb0db"
  },
  {
    "country": "Peru",
    "planName": "Premium",
    "isDataUnlimited": true,
    "dataIncluded": 53,
    "isCallUnlimited": true,
    "callMinutesIncluded": 77,
    "callPricePerMin": 3.8,
    "textPricePerMsg": 1.06,
    "isTextUnlimited": true,
    "textIncluded": 200,
    "planPrice": 50,
    "planId": "c03e44a6-4ed7-42ee-984d-22fcd3ad1d33"
  },
  {
    "country": "Philippines",
    "planName": "Premium",
    "isDataUnlimited": true,
    "dataIncluded": 96,
    "isCallUnlimited": true,
    "callMinutesIncluded": 68,
    "callPricePerMin": 1.8,
    "textPricePerMsg": 1.08,
    "isTextUnlimited": true,
    "textIncluded": 150,
    "planPrice": 70,
    "planId": "f9d21448-e754-4c64-a9f5-43e6520ee7c9"
  },
  {
    "country": "Poland",
    "planName": "Premium",
    "isDataUnlimited": true,
    "dataIncluded": 33,
    "isCallUnlimited": true,
    "callMinutesIncluded": 74,
    "callPricePerMin": 4.3,
    "textPricePerMsg": 1.22,
    "isTextUnlimited": true,
    "textIncluded": 100,
    "planPrice": 50,
    "planId": "f8928cde-8fdb-4b62-b917-18d9e5c61f32"
  },
  {
    "country": "Portugal",
    "planName": "Premium",
    "isDataUnlimited": true,
    "dataIncluded": 63,
    "isCallUnlimited": true,
    "callMinutesIncluded": 96,
    "callPricePerMin": 3.9,
    "textPricePerMsg": 1.75,
    "isTextUnlimited": true,
    "textIncluded": 50,
    "planPrice": 60,
    "planId": "8a40406d-797c-433d-acf5-7767fbf30523"
  },
  {
    "country": "Republic of the Congo",
    "planName": "Premium",
    "isDataUnlimited": true,
    "dataIncluded": 71,
    "isCallUnlimited": true,
    "callMinutesIncluded": 51,
    "callPricePerMin": 1.3,
    "textPricePerMsg": 0.87,
    "isTextUnlimited": true,
    "textIncluded": 50,
    "planPrice": 70,
    "planId": "a87bf24f-d853-4ab5-83dc-dad439e8a7a2"
  },
  {
    "country": "Russia",
    "planName": "Premium",
    "isDataUnlimited": true,
    "dataIncluded": 20,
    "isCallUnlimited": true,
    "callMinutesIncluded": 98,
    "callPricePerMin": 4.2,
    "textPricePerMsg": 1.67,
    "isTextUnlimited": true,
    "textIncluded": 200,
    "planPrice": 40,
    "planId": "bc222fc6-50d5-41ad-a5b4-a047264fbedc"
  },
  {
    "country": "Saint Kitts and Nevis",
    "planName": "Premium",
    "isDataUnlimited": true,
    "dataIncluded": 40,
    "isCallUnlimited": true,
    "callMinutesIncluded": 93,
    "callPricePerMin": 1.2,
    "textPricePerMsg": 0.02,
    "isTextUnlimited": true,
    "textIncluded": 200,
    "planPrice": 70,
    "planId": "99b3e187-f11e-438b-9461-56ef6919889a"
  },
  {
    "country": "Saudi Arabia",
    "planName": "Premium",
    "isDataUnlimited": true,
    "dataIncluded": 71,
    "isCallUnlimited": true,
    "callMinutesIncluded": 80,
    "callPricePerMin": 2.9,
    "textPricePerMsg": 1.73,
    "isTextUnlimited": true,
    "textIncluded": 100,
    "planPrice": 30,
    "planId": "939a0a88-7423-4295-9458-994d73e45f3b"
  },
  {
    "country": "Serbia",
    "planName": "Premium",
    "isDataUnlimited": true,
    "dataIncluded": 22,
    "isCallUnlimited": true,
    "callMinutesIncluded": 81,
    "callPricePerMin": 3.3,
    "textPricePerMsg": 1.75,
    "isTextUnlimited": true,
    "textIncluded": 200,
    "planPrice": 70,
    "planId": "8788f18b-6545-4228-a3ad-cb1893837d71"
  },
  {
    "country": "Sierra Leone",
    "planName": "Premium",
    "isDataUnlimited": true,
    "dataIncluded": 47,
    "isCallUnlimited": true,
    "callMinutesIncluded": 85,
    "callPricePerMin": 4.2,
    "textPricePerMsg": 0.78,
    "isTextUnlimited": true,
    "textIncluded": 150,
    "planPrice": 60,
    "planId": "e051c038-9191-4f2c-9f0b-23c175460296"
  },
  {
    "country": "Slovenia",
    "planName": "Premium",
    "isDataUnlimited": true,
    "dataIncluded": 57,
    "isCallUnlimited": true,
    "callMinutesIncluded": 92,
    "callPricePerMin": 3.0,
    "textPricePerMsg": 0.47,
    "isTextUnlimited": true,
    "textIncluded": 200,
    "planPrice": 30,
    "planId": "dd450d1e-562c-462e-bf4c-30bbb48097ae"
  },
  {
    "country": "Somalia",
    "planName": "Premium",
    "isDataUnlimited": true,
    "dataIncluded": 80,
    "isCallUnlimited": true,
    "callMinutesIncluded": 99,
    "callPricePerMin": 2.0,
    "textPricePerMsg": 1.77,
    "isTextUnlimited": true,
    "textIncluded": 150,
    "planPrice": 40,
    "planId": "6c9923d6-4fa5-4156-9f85-237fd1590829"
  },
  {
    "country": "South Africa",
    "planName": "Premium",
    "isDataUnlimited": true,
    "dataIncluded": 27,
    "isCallUnlimited": true,
    "callMinutesIncluded": 76,
    "callPricePerMin": 3.2,
    "textPricePerMsg": 1.41,
    "isTextUnlimited": true,
    "textIncluded": 100,
    "planPrice": 30,
    "planId": "edfbd08f-6a76-4a4a-8648-88ed7a2f1b43"
  },
  {
    "country": "South Korea",
    "planName": "Premium",
    "isDataUnlimited": true,
    "dataIncluded": 21,
    "isCallUnlimited": true,
    "callMinutesIncluded": 100,
    "callPricePerMin": 1.3,
    "textPricePerMsg": 1.24,
    "isTextUnlimited": true,
    "textIncluded": 50,
    "planPrice": 70,
    "planId": "c202d8c9-b356-4c65-9109-3875b5edb934"
  },
  {
    "country": "Spain",
    "planName": "Premium",
    "isDataUnlimited": true,
    "dataIncluded": 54,
    "isCallUnlimited": true,
    "callMinutesIncluded": 72,
    "callPricePerMin": 3.6,
    "textPricePerMsg": 1.12,
    "isTextUnlimited": true,
    "textIncluded": 150,
    "planPrice": 60,
    "planId": "0034c139-2def-407d-811b-f3b21900b808"
  },
  {
    "country": "Sri Lanka",
    "planName": "Premium",
    "isDataUnlimited": true,
    "dataIncluded": 5,
    "isCallUnlimited": true,
    "callMinutesIncluded": 69,
    "callPricePerMin": 0.3,
    "textPricePerMsg": 1.43,
    "isTextUnlimited": true,
    "textIncluded": 50,
    "planPrice": 60,
    "planId": "92363630-2736-4734-8c7e-e531f994b716"
  },
  {
    "country": "Sweden",
    "planName": "Premium",
    "isDataUnlimited": true,
    "dataIncluded": 44,
    "isCallUnlimited": true,
    "callMinutesIncluded": 52,
    "callPricePerMin": 2.6,
    "textPricePerMsg": 0.75,
    "isTextUnlimited": true,
    "textIncluded": 50,
    "planPrice": 30,
    "planId": "6966853d-f46e-49bb-b1da-1cd55640a2ef"
  },
  {
    "country": "Switzerland",
    "planName": "Premium",
    "isDataUnlimited": true,
    "dataIncluded": 96,
    "isCallUnlimited": true,
    "callMinutesIncluded": 64,
    "callPricePerMin": 2.8,
    "textPricePerMsg": 1.66,
    "isTextUnlimited": true,
    "textIncluded": 100,
    "planPrice": 70,
    "planId": "c3bced28-aa4c-44ff-b03a-0afad76025bc"
  },
  {
    "country": "Syria",
    "planName": "Premium",
    "isDataUnlimited": true,
    "dataIncluded": 52,
    "isCallUnlimited": true,
    "callMinutesIncluded": 70,
    "callPricePerMin": 3.7,
    "textPricePerMsg": 1.28,
    "isTextUnlimited": true,
    "textIncluded": 100,
    "planPrice": 50,
    "planId": "2313183a-a016-49ed-82b1-ab1ca30ad396"
  },
  {
    "country": "Taiwan",
    "planName": "Premium",
    "isDataUnlimited": true,
    "dataIncluded": 27,
    "isCallUnlimited": true,
    "callMinutesIncluded": 59,
    "callPricePerMin": 4.4,
    "textPricePerMsg": 1.57,
    "isTextUnlimited": true,
    "textIncluded": 50,
    "planPrice": 40,
    "planId": "b42890f5-4f1d-4ddf-96ac-62acaf47e911"
  },
  {
    "country": "Tajikistan",
    "planName": "Premium",
    "isDataUnlimited": true,
    "dataIncluded": 12,
    "isCallUnlimited": true,
    "callMinutesIncluded": 90,
    "callPricePerMin": 3.6,
    "textPricePerMsg": 1.92,
    "isTextUnlimited": true,
    "textIncluded": 100,
    "planPrice": 60,
    "planId": "fdf3747a-1f98-4c8f-9c30-bd797b359b2d"
  },
  {
    "country": "Tanzania",
    "planName": "Premium",
    "isDataUnlimited": true,
    "dataIncluded": 48,
    "isCallUnlimited": true,
    "callMinutesIncluded": 83,
    "callPricePerMin": 1.0,
    "textPricePerMsg": 0.39,
    "isTextUnlimited": true,
    "textIncluded": 150,
    "planPrice": 60,
    "planId": "d87e0ec5-615a-4028-8673-44043fc99470"
  },
  {
    "country": "Thailand",
    "planName": "Premium",
    "isDataUnlimited": true,
    "dataIncluded": 69,
    "isCallUnlimited": true,
    "callMinutesIncluded": 58,
    "callPricePerMin": 3.9,
    "textPricePerMsg": 0.25,
    "isTextUnlimited": true,
    "textIncluded": 150,
    "planPrice": 30,
    "planId": "b5c987e4-7db1-4438-a96c-3c2c165df2c1"
  },
  {
    "country": "Togo",
    "planName": "Premium",
    "isDataUnlimited": true,
    "dataIncluded": 75,
    "isCallUnlimited": true,
    "callMinutesIncluded": 64,
    "callPricePerMin": 2.0,
    "textPricePerMsg": 0.84,
    "isTextUnlimited": true,
    "textIncluded": 100,
    "planPrice": 30,
    "planId": "2376b246-a1d1-4fe1-aafa-1707b1502ad6"
  },
  {
    "country": "Tunisia",
    "planName": "Premium",
    "isDataUnlimited": true,
    "dataIncluded": 16,
    "isCallUnlimited": true,
    "callMinutesIncluded": 100,
    "callPricePerMin": 0.6,
    "textPricePerMsg": 1.89,
    "isTextUnlimited": true,
    "textIncluded": 150,
    "planPrice": 60,
    "planId": "505b5e1c-df42-4d3a-ae79-0b7f84d2fc7e"
  },
  {
    "country": "Turkmenistan",
    "planName": "Premium",
    "isDataUnlimited": true,
    "dataIncluded": 2,
    "isCallUnlimited": true,
    "callMinutesIncluded": 81,
    "callPricePerMin": 3.9,
    "textPricePerMsg": 1.03,
    "isTextUnlimited": true,
    "textIncluded": 150,
    "planPrice": 30,
    "planId": "8d3a5880-f9e5-4395-ad16-f9f33cf549e7"
  },
  {
    "country": "Uganda",
    "planName": "Premium",
    "isDataUnlimited": true,
    "dataIncluded": 56,
    "isCallUnlimited": true,
    "callMinutesIncluded": 67,
    "callPricePerMin": 3.0,
    "textPricePerMsg": 0.15,
    "isTextUnlimited": true,
    "textIncluded": 100,
    "planPrice": 60,
    "planId": "5aa2310e-69a2-4c93-91b6-b16cd2031a44"
  },
  {
    "country": "Ukraine",
    "planName": "Premium",
    "isDataUnlimited": true,
    "dataIncluded": 8,
    "isCallUnlimited": true,
    "callMinutesIncluded": 90,
    "callPricePerMin": 3.1,
    "textPricePerMsg": 0.29,
    "isTextUnlimited": true,
    "textIncluded": 200,
    "planPrice": 70,
    "planId": "7e4e4901-9934-4d89-805d-a8faf44d9296"
  },
  {
    "country": "United Arab Emirates",
    "planName": "Premium",
    "isDataUnlimited": true,
    "dataIncluded": 76,
    "isCallUnlimited": true,
    "callMinutesIncluded": 50,
    "callPricePerMin": 2.9,
    "textPricePerMsg": 1.53,
    "isTextUnlimited": true,
    "textIncluded": 150,
    "planPrice": 30,
    "planId": "11f5a55f-72b6-48cf-a24c-e0e4b0187869"
  },
  {
    "country": "United Kingdom",
    "planName": "Premium",
    "isDataUnlimited": true,
    "dataIncluded": 78,
    "isCallUnlimited": true,
    "callMinutesIncluded": 85,
    "callPricePerMin": 4.5,
    "textPricePerMsg": 0.79,
    "isTextUnlimited": true,
    "textIncluded": 100,
    "planPrice": 40,
    "planId": "a71131fa-3e93-4a38-8737-376a570f2c98"
  },
  {
    "country": "Uzbekistan",
    "planName": "Premium",
    "isDataUnlimited": true,
    "dataIncluded": 40,
    "isCallUnlimited": true,
    "callMinutesIncluded": 71,
    "callPricePerMin": 1.8,
    "textPricePerMsg": 0.73,
    "isTextUnlimited": true,
    "textIncluded": 100,
    "planPrice": 50,
    "planId": "d2781a39-35d8-4c17-b8df-9de625245184"
  },
  {
    "country": "Venezuela",
    "planName": "Premium",
    "isDataUnlimited": true,
    "dataIncluded": 23,
    "isCallUnlimited": true,
    "callMinutesIncluded": 68,
    "callPricePerMin": 0.3,
    "textPricePerMsg": 0.14,
    "isTextUnlimited": true,
    "textIncluded": 50,
    "planPrice": 30,
    "planId": "f9223e6a-10a3-4855-b889-f86bba5cf800"
  },
  {
    "country": "Vietnam",
    "planName": "Premium",
    "isDataUnlimited": true,
    "dataIncluded": 25,
    "isCallUnlimited": true,
    "callMinutesIncluded": 89,
    "callPricePerMin": 1.4,
    "textPricePerMsg": 0.19,
    "isTextUnlimited": true,
    "textIncluded": 200,
    "planPrice": 50,
    "planId": "04a919aa-b047-4f29-b31b-c1799fbea17c"
  },
  {
    "country": "Yemen",
    "planName": "Premium",
    "isDataUnlimited": true,
    "dataIncluded": 88,
    "isCallUnlimited": true,
    "callMinutesIncluded": 75,
    "callPricePerMin": 1.9,
    "textPricePerMsg": 1.38,
    "isTextUnlimited": true,
    "textIncluded": 150,
    "planPrice": 30,
    "planId": "cc07f5c2-5b6b-4ac3-9457-6b35d0ef3e1f"
  },
  {
    "country": "Zambia",
    "planName": "Premium",
    "isDataUnlimited": true,
    "dataIncluded": 66,
    "isCallUnlimited": true,
    "callMinutesIncluded": 94,
    "callPricePerMin": 1.4,
    "textPricePerMsg": 1.07,
    "isTextUnlimited": true,
    "textIncluded": 100,
    "planPrice": 60,
    "planId": "c34757da-206e-4271-b55f-611eab12e717"
  },
  {
    "country": "Zimbabwe",
    "planName": "Premium",
    "isDataUnlimited": true,
    "dataIncluded": 59,
    "isCallUnlimited": true,
    "callMinutesIncluded": 87,
    "callPricePerMin": 3.8,
    "textPricePerMsg": 1.08,
    "isTextUnlimited": true,
    "textIncluded": 100,
    "planPrice": 50,
    "planId": "f8d8f3c4-7e8d-49d2-a73e-a07fefc2dc5f"
  },
  {
    "country": "Afghanistan",
    "planName": "Basic",
    "isDataUnlimited": false,
    "dataIncluded": 74,
    "isCallUnlimited": false,
    "callMinutesIncluded": 100,
    "callPricePerMin": 0.3,
    "textPricePerMsg": 1.9,
    "isTextUnlimited": false,
    "textIncluded": 100,
    "planPrice": 10,
    "planId": "71cc5bbb-14c6-4123-b867-cc5a6d3b72e9"
  },
  {
    "country": "Albania",
    "planName": "Basic",
    "isDataUnlimited": false,
    "dataIncluded": 75,
    "isCallUnlimited": false,
    "callMinutesIncluded": 50,
    "callPricePerMin": 2.1,
    "textPricePerMsg": 1.54,
    "isTextUnlimited": true,
    "textIncluded": 100,
    "planPrice": 30,
    "planId": "00b71c4f-2e0e-413d-affe-e4530ceb38a6"
  },
  {
    "country": "Argentina",
    "planName": "Basic",
    "isDataUnlimited": false,
    "dataIncluded": 45,
    "isCallUnlimited": false,
    "callMinutesIncluded": 150,
    "callPricePerMin": 4.6,
    "textPricePerMsg": 0.15,
    "isTextUnlimited": false,
    "textIncluded": 100,
    "planPrice": 30,
    "planId": "11687b5f-8598-4c84-8fef-4aac90040db0"
  },
  {
    "country": "Armenia",
    "planName": "Basic",
    "isDataUnlimited": false,
    "dataIncluded": 85,
    "isCallUnlimited": false,
    "callMinutesIncluded": 100,
    "callPricePerMin": 2.5,
    "textPricePerMsg": 1.46,
    "isTextUnlimited": false,
    "textIncluded": 50,
    "planPrice": 30,
    "planId": "76a29ee4-babf-4e58-ab2a-35df965a4fa6"
  },
  {
    "country": "Australia",
    "planName": "Basic",
    "isDataUnlimited": false,
    "dataIncluded": 23,
    "isCallUnlimited": false,
    "callMinutesIncluded": 200,
    "callPricePerMin": 4.3,
    "textPricePerMsg": 0.72,
    "isTextUnlimited": true,
    "textIncluded": 100,
    "planPrice": 20,
    "planId": "aaac38c2-5e18-4ac7-9e14-211b71573df9"
  },
  {
    "country": "Austria",
    "planName": "Basic",
    "isDataUnlimited": false,
    "dataIncluded": 50,
    "isCallUnlimited": false,
    "callMinutesIncluded": 100,
    "callPricePerMin": 1.3,
    "textPricePerMsg": 1.34,
    "isTextUnlimited": true,
    "textIncluded": 100,
    "planPrice": 30,
    "planId": "19a1df46-0f85-4b4c-a7ec-51a7f79660b3"
  },
  {
    "country": "Bangladesh",
    "planName": "Basic",
    "isDataUnlimited": false,
    "dataIncluded": 98,
    "isCallUnlimited": false,
    "callMinutesIncluded": 100,
    "callPricePerMin": 3.3,
    "textPricePerMsg": 0.05,
    "isTextUnlimited": false,
    "textIncluded": 100,
    "planPrice": 20,
    "planId": "4ce4819e-21ba-445e-b676-2df551fa5d41"
  },
  {
    "country": "Belarus",
    "planName": "Basic",
    "isDataUnlimited": false,
    "dataIncluded": 93,
    "isCallUnlimited": false,
    "callMinutesIncluded": 50,
    "callPricePerMin": 3.6,
    "textPricePerMsg": 1.92,
    "isTextUnlimited": true,
    "textIncluded": 100,
    "planPrice": 20,
    "planId": "2779406f-bbab-4e82-bb35-7b510ad14bf2"
  },
  {
    "country": "Bolivia",
    "planName": "Basic",
    "isDataUnlimited": false,
    "dataIncluded": 53,
    "isCallUnlimited": false,
    "callMinutesIncluded": 50,
    "callPricePerMin": 1.7,
    "textPricePerMsg": 1.49,
    "isTextUnlimited": true,
    "textIncluded": 100,
    "planPrice": 30,
    "planId": "d5396270-1e91-4c03-9966-ec3e5b6042b3"
  },
  {
    "country": "Bosnia and Herzegovina",
    "planName": "Basic",
    "isDataUnlimited": false,
    "dataIncluded": 47,
    "isCallUnlimited": false,
    "callMinutesIncluded": 100,
    "callPricePerMin": 4.2,
    "textPricePerMsg": 1.83,
    "isTextUnlimited": true,
    "textIncluded": 100,
    "planPrice": 30,
    "planId": "530943b7-4c9c-43f9-978e-f56ebb41afde"
  },
  {
    "country": "Botswana",
    "planName": "Basic",
    "isDataUnlimited": false,
    "dataIncluded": 92,
    "isCallUnlimited": false,
    "callMinutesIncluded": 250,
    "callPricePerMin": 1.0,
    "textPricePerMsg": 0.97,
    "isTextUnlimited": false,
    "textIncluded": 50,
    "planPrice": 30,
    "planId": "6dea076d-0e6b-49b9-8430-0978ff5c8108"
  },
  {
    "country": "Brazil",
    "planName": "Basic",
    "isDataUnlimited": false,
    "dataIncluded": 17,
    "isCallUnlimited": false,
    "callMinutesIncluded": 100,
    "callPricePerMin": 0.5,
    "textPricePerMsg": 1.13,
    "isTextUnlimited": false,
    "textIncluded": 50,
    "planPrice": 20,
    "planId": "bfc72295-a6c5-482d-8381-a387fa38d221"
  },
  {
    "country": "Bulgaria",
    "planName": "Basic",
    "isDataUnlimited": false,
    "dataIncluded": 47,
    "isCallUnlimited": false,
    "callMinutesIncluded": 100,
    "callPricePerMin": 1.3,
    "textPricePerMsg": 0.25,
    "isTextUnlimited": false,
    "textIncluded": 50,
    "planPrice": 30,
    "planId": "b77a442c-9931-4278-aba9-9a6ba54f8013"
  },
  {
    "country": "Burkina Faso",
    "planName": "Basic",
    "isDataUnlimited": false,
    "dataIncluded": 59,
    "isCallUnlimited": false,
    "callMinutesIncluded": 150,
    "callPricePerMin": 2.3,
    "textPricePerMsg": 0.36,
    "isTextUnlimited": false,
    "textIncluded": 50,
    "planPrice": 30,
    "planId": "a0b13253-7267-4c43-b3ad-03547153abe8"
  },
  {
    "country": "Cameroon",
    "planName": "Basic",
    "isDataUnlimited": false,
    "dataIncluded": 87,
    "isCallUnlimited": false,
    "callMinutesIncluded": 50,
    "callPricePerMin": 3.2,
    "textPricePerMsg": 1.75,
    "isTextUnlimited": false,
    "textIncluded": 50,
    "planPrice": 10,
    "planId": "ee2c5f6d-9f56-408b-ba2b-db3857f5846f"
  },
  {
    "country": "Canada",
    "planName": "Basic",
    "isDataUnlimited": false,
    "dataIncluded": 38,
    "isCallUnlimited": false,
    "callMinutesIncluded": 50,
    "callPricePerMin": 4.5,
    "textPricePerMsg": 0.11,
    "isTextUnlimited": true,
    "textIncluded": 100,
    "planPrice": 10,
    "planId": "5f692e6f-d562-4471-a7d3-3c6c0e19f3e1"
  },
  {
    "country": "Central African Republic",
    "planName": "Basic",
    "isDataUnlimited": false,
    "dataIncluded": 7,
    "isCallUnlimited": false,
    "callMinutesIncluded": 150,
    "callPricePerMin": 4.1,
    "textPricePerMsg": 0.74,
    "isTextUnlimited": false,
    "textIncluded": 50,
    "planPrice": 20,
    "planId": "01f7dd14-16c1-41ca-a37b-18a10aa85254"
  },
  {
    "country": "Chad",
    "planName": "Basic",
    "isDataUnlimited": false,
    "dataIncluded": 44,
    "isCallUnlimited": false,
    "callMinutesIncluded": 200,
    "callPricePerMin": 0.4,
    "textPricePerMsg": 0.78,
    "isTextUnlimited": true,
    "textIncluded": 100,
    "planPrice": 20,
    "planId": "f66fcec1-92dc-443f-a8ea-9b16242b806b"
  },
  {
    "country": "Chile",
    "planName": "Basic",
    "isDataUnlimited": false,
    "dataIncluded": 25,
    "isCallUnlimited": false,
    "callMinutesIncluded": 50,
    "callPricePerMin": 2.7,
    "textPricePerMsg": 0.53,
    "isTextUnlimited": true,
    "textIncluded": 50,
    "planPrice": 20,
    "planId": "0505e8f0-c0da-4378-9b61-8596fe575a96"
  },
  {
    "country": "China",
    "planName": "Basic",
    "isDataUnlimited": false,
    "dataIncluded": 20,
    "isCallUnlimited": false,
    "callMinutesIncluded": 100,
    "callPricePerMin": 1.7,
    "textPricePerMsg": 1.05,
    "isTextUnlimited": false,
    "textIncluded": 100,
    "planPrice": 10,
    "planId": "5bc15c5b-b3ea-4d8a-bcce-b3605b6c8a6b"
  },
  {
    "country": "Colombia",
    "planName": "Basic",
    "isDataUnlimited": false,
    "dataIncluded": 69,
    "isCallUnlimited": false,
    "callMinutesIncluded": 200,
    "callPricePerMin": 1.3,
    "textPricePerMsg": 1.26,
    "isTextUnlimited": true,
    "textIncluded": 100,
    "planPrice": 10,
    "planId": "79893d0e-dbf4-4a6c-89cb-af8e5526d17f"
  },
  {
    "country": "Comoros",
    "planName": "Basic",
    "isDataUnlimited": false,
    "dataIncluded": 15,
    "isCallUnlimited": false,
    "callMinutesIncluded": 50,
    "callPricePerMin": 2.4,
    "textPricePerMsg": 0.47,
    "isTextUnlimited": true,
    "textIncluded": 50,
    "planPrice": 20,
    "planId": "7485f295-2944-413e-8b64-603945153977"
  },
  {
    "country": "Costa Rica",
    "planName": "Basic",
    "isDataUnlimited": false,
    "dataIncluded": 24,
    "isCallUnlimited": false,
    "callMinutesIncluded": 50,
    "callPricePerMin": 1.1,
    "textPricePerMsg": 1.73,
    "isTextUnlimited": false,
    "textIncluded": 100,
    "planPrice": 20,
    "planId": "614a94e8-201e-45db-9d31-6a02e333916a"
  },
  {
    "country": "Croatia",
    "planName": "Basic",
    "isDataUnlimited": false,
    "dataIncluded": 42,
    "isCallUnlimited": false,
    "callMinutesIncluded": 150,
    "callPricePerMin": 2.6,
    "textPricePerMsg": 0.97,
    "isTextUnlimited": true,
    "textIncluded": 100,
    "planPrice": 20,
    "planId": "5fdee48c-44d9-46bb-967e-a90a0efe78fb"
  },
  {
    "country": "Cuba",
    "planName": "Basic",
    "isDataUnlimited": false,
    "dataIncluded": 31,
    "isCallUnlimited": false,
    "callMinutesIncluded": 100,
    "callPricePerMin": 2.3,
    "textPricePerMsg": 1.35,
    "isTextUnlimited": false,
    "textIncluded": 50,
    "planPrice": 30,
    "planId": "8917a3e9-a45a-4615-8978-ace12bcc88a9"
  },
  {
    "country": "Czech Republic",
    "planName": "Basic",
    "isDataUnlimited": false,
    "dataIncluded": 39,
    "isCallUnlimited": false,
    "callMinutesIncluded": 100,
    "callPricePerMin": 3.0,
    "textPricePerMsg": 1.13,
    "isTextUnlimited": false,
    "textIncluded": 50,
    "planPrice": 30,
    "planId": "8852ea00-47a8-48b5-a0f3-c3eb23f5de5d"
  },
  {
    "country": "Democratic Republic of the Congo",
    "planName": "Basic",
    "isDataUnlimited": false,
    "dataIncluded": 12,
    "isCallUnlimited": false,
    "callMinutesIncluded": 100,
    "callPricePerMin": 2.8,
    "textPricePerMsg": 0.58,
    "isTextUnlimited": true,
    "textIncluded": 50,
    "planPrice": 30,
    "planId": "973d45a0-8982-4ca4-b780-5a1c34473507"
  },
  {
    "country": "Denmark",
    "planName": "Basic",
    "isDataUnlimited": false,
    "dataIncluded": 29,
    "isCallUnlimited": false,
    "callMinutesIncluded": 250,
    "callPricePerMin": 3.4,
    "textPricePerMsg": 1.62,
    "isTextUnlimited": false,
    "textIncluded": 100,
    "planPrice": 30,
    "planId": "495ad283-9b79-404f-a8a1-10a25b4c661c"
  },
  {
    "country": "Dominican Republic",
    "planName": "Basic",
    "isDataUnlimited": false,
    "dataIncluded": 35,
    "isCallUnlimited": false,
    "callMinutesIncluded": 200,
    "callPricePerMin": 1.8,
    "textPricePerMsg": 0.84,
    "isTextUnlimited": true,
    "textIncluded": 100,
    "planPrice": 30,
    "planId": "f85c1f8b-9f18-4219-8eef-c97f3f1bf864"
  },
  {
    "country": "East Timor",
    "planName": "Basic",
    "isDataUnlimited": false,
    "dataIncluded": 55,
    "isCallUnlimited": false,
    "callMinutesIncluded": 150,
    "callPricePerMin": 3.8,
    "textPricePerMsg": 1.52,
    "isTextUnlimited": true,
    "textIncluded": 100,
    "planPrice": 20,
    "planId": "0de1b23c-905c-4c50-a012-6dc5ba46ad01"
  },
  {
    "country": "Ecuador",
    "planName": "Basic",
    "isDataUnlimited": false,
    "dataIncluded": 76,
    "isCallUnlimited": false,
    "callMinutesIncluded": 250,
    "callPricePerMin": 2.0,
    "textPricePerMsg": 1.94,
    "isTextUnlimited": false,
    "textIncluded": 50,
    "planPrice": 30,
    "planId": "52e8e980-46b7-45fb-b0a3-a17beefd9ad0"
  },
  {
    "country": "Egypt",
    "planName": "Basic",
    "isDataUnlimited": false,
    "dataIncluded": 99,
    "isCallUnlimited": false,
    "callMinutesIncluded": 250,
    "callPricePerMin": 1.3,
    "textPricePerMsg": 0.63,
    "isTextUnlimited": true,
    "textIncluded": 50,
    "planPrice": 20,
    "planId": "ac630a98-6a48-4d3c-b8df-8aa392c4a3e0"
  },
  {
    "country": "Equatorial Guinea",
    "planName": "Basic",
    "isDataUnlimited": false,
    "dataIncluded": 79,
    "isCallUnlimited": false,
    "callMinutesIncluded": 150,
    "callPricePerMin": 4.3,
    "textPricePerMsg": 1.2,
    "isTextUnlimited": true,
    "textIncluded": 100,
    "planPrice": 20,
    "planId": "21952a48-17da-46aa-a806-029ca8b12d62"
  },
  {
    "country": "Estonia",
    "planName": "Basic",
    "isDataUnlimited": false,
    "dataIncluded": 47,
    "isCallUnlimited": false,
    "callMinutesIncluded": 100,
    "callPricePerMin": 0.4,
    "textPricePerMsg": 0.69,
    "isTextUnlimited": false,
    "textIncluded": 50,
    "planPrice": 30,
    "planId": "0156655e-7a90-4d02-9103-069282b2f423"
  },
  {
    "country": "Finland",
    "planName": "Basic",
    "isDataUnlimited": false,
    "dataIncluded": 50,
    "isCallUnlimited": false,
    "callMinutesIncluded": 50,
    "callPricePerMin": 3.2,
    "textPricePerMsg": 1.53,
    "isTextUnlimited": false,
    "textIncluded": 100,
    "planPrice": 20,
    "planId": "fab71a21-3948-4ffd-a35d-10feed66c977"
  },
  {
    "country": "France",
    "planName": "Basic",
    "isDataUnlimited": false,
    "dataIncluded": 49,
    "isCallUnlimited": false,
    "callMinutesIncluded": 250,
    "callPricePerMin": 3.8,
    "textPricePerMsg": 0.16,
    "isTextUnlimited": true,
    "textIncluded": 100,
    "planPrice": 30,
    "planId": "9cfd8e48-0c24-47cd-8d1e-123cac41149f"
  },
  {
    "country": "Gabon",
    "planName": "Basic",
    "isDataUnlimited": false,
    "dataIncluded": 50,
    "isCallUnlimited": false,
    "callMinutesIncluded": 200,
    "callPricePerMin": 1.5,
    "textPricePerMsg": 1.29,
    "isTextUnlimited": true,
    "textIncluded": 100,
    "planPrice": 30,
    "planId": "651bf11e-8667-47a2-a867-b2f4ade4ce14"
  },
  {
    "country": "Gambia",
    "planName": "Basic",
    "isDataUnlimited": false,
    "dataIncluded": 32,
    "isCallUnlimited": false,
    "callMinutesIncluded": 100,
    "callPricePerMin": 1.5,
    "textPricePerMsg": 0.05,
    "isTextUnlimited": true,
    "textIncluded": 100,
    "planPrice": 10,
    "planId": "9b9fcb1f-64c8-4191-913e-ca44ca192349"
  },
  {
    "country": "Georgia",
    "planName": "Basic",
    "isDataUnlimited": false,
    "dataIncluded": 17,
    "isCallUnlimited": false,
    "callMinutesIncluded": 50,
    "callPricePerMin": 4.8,
    "textPricePerMsg": 0.58,
    "isTextUnlimited": true,
    "textIncluded": 50,
    "planPrice": 30,
    "planId": "f3666c08-b6c0-46df-8cea-e603b43cb5f4"
  },
  {
    "country": "Germany",
    "planName": "Basic",
    "isDataUnlimited": false,
    "dataIncluded": 17,
    "isCallUnlimited": false,
    "callMinutesIncluded": 150,
    "callPricePerMin": 0.3,
    "textPricePerMsg": 0.45,
    "isTextUnlimited": false,
    "textIncluded": 100,
    "planPrice": 30,
    "planId": "d4c709fb-769a-4678-9fcb-f470a1dc0e65"
  },
  {
    "country": "Ghana",
    "planName": "Basic",
    "isDataUnlimited": false,
    "dataIncluded": 67,
    "isCallUnlimited": false,
    "callMinutesIncluded": 50,
    "callPricePerMin": 3.6,
    "textPricePerMsg": 0.23,
    "isTextUnlimited": false,
    "textIncluded": 50,
    "planPrice": 10,
    "planId": "5f81fbf3-e0b0-42ba-b5a6-351982e8a251"
  },
  {
    "country": "Greece",
    "planName": "Basic",
    "isDataUnlimited": false,
    "dataIncluded": 58,
    "isCallUnlimited": false,
    "callMinutesIncluded": 200,
    "callPricePerMin": 4.1,
    "textPricePerMsg": 1.21,
    "isTextUnlimited": false,
    "textIncluded": 100,
    "planPrice": 20,
    "planId": "0aafb55a-8d1b-4f96-ac17-8f620eeffcb0"
  },
  {
    "country": "Guatemala",
    "planName": "Basic",
    "isDataUnlimited": false,
    "dataIncluded": 22,
    "isCallUnlimited": false,
    "callMinutesIncluded": 200,
    "callPricePerMin": 3.8,
    "textPricePerMsg": 1.42,
    "isTextUnlimited": true,
    "textIncluded": 50,
    "planPrice": 20,
    "planId": "0f2d2041-d701-454c-9531-2c4609460fbc"
  },
  {
    "country": "Guyana",
    "planName": "Basic",
    "isDataUnlimited": false,
    "dataIncluded": 67,
    "isCallUnlimited": false,
    "callMinutesIncluded": 100,
    "callPricePerMin": 0.6,
    "textPricePerMsg": 0.84,
    "isTextUnlimited": true,
    "textIncluded": 50,
    "planPrice": 20,
    "planId": "5a45f342-5a70-4e49-9e62-2be1fbd00dcf"
  },
  {
    "country": "Haiti",
    "planName": "Basic",
    "isDataUnlimited": false,
    "dataIncluded": 29,
    "isCallUnlimited": false,
    "callMinutesIncluded": 150,
    "callPricePerMin": 3.3,
    "textPricePerMsg": 1.96,
    "isTextUnlimited": false,
    "textIncluded": 50,
    "planPrice": 10,
    "planId": "d63a41df-11f3-4f3c-9995-7d0ed89cd59b"
  },
  {
    "country": "Honduras",
    "planName": "Basic",
    "isDataUnlimited": false,
    "dataIncluded": 56,
    "isCallUnlimited": false,
    "callMinutesIncluded": 200,
    "callPricePerMin": 3.3,
    "textPricePerMsg": 0.93,
    "isTextUnlimited": false,
    "textIncluded": 100,
    "planPrice": 10,
    "planId": "6b8460e0-f7ba-4ab3-a5ab-c744d747435a"
  },
  {
    "country": "Hong Kong",
    "planName": "Basic",
    "isDataUnlimited": false,
    "dataIncluded": 77,
    "isCallUnlimited": false,
    "callMinutesIncluded": 100,
    "callPricePerMin": 0.5,
    "textPricePerMsg": 1.76,
    "isTextUnlimited": false,
    "textIncluded": 100,
    "planPrice": 20,
    "planId": "6aeb5c1a-7cc9-40e9-8613-8bd6b3c02863"
  },
  {
    "country": "Hungary",
    "planName": "Basic",
    "isDataUnlimited": false,
    "dataIncluded": 88,
    "isCallUnlimited": false,
    "callMinutesIncluded": 50,
    "callPricePerMin": 1.3,
    "textPricePerMsg": 1.27,
    "isTextUnlimited": false,
    "textIncluded": 100,
    "planPrice": 20,
    "planId": "76b471ed-2e8c-49ee-b46b-c961d8f1c085"
  },
  {
    "country": "Iceland",
    "planName": "Basic",
    "isDataUnlimited": false,
    "dataIncluded": 96,
    "isCallUnlimited": false,
    "callMinutesIncluded": 150,
    "callPricePerMin": 1.3,
    "textPricePerMsg": 1.98,
    "isTextUnlimited": false,
    "textIncluded": 100,
    "planPrice": 20,
    "planId": "e0423260-d973-4bfe-9bba-62167323f879"
  },
  {
    "country": "India",
    "planName": "Basic",
    "isDataUnlimited": false,
    "dataIncluded": 24,
    "isCallUnlimited": false,
    "callMinutesIncluded": 200,
    "callPricePerMin": 2.0,
    "textPricePerMsg": 0.31,
    "isTextUnlimited": true,
    "textIncluded": 100,
    "planPrice": 10,
    "planId": "be3e4c9e-2fad-4c3f-8799-ccbf44a7bf05"
  },
  {
    "country": "Indonesia",
    "planName": "Basic",
    "isDataUnlimited": false,
    "dataIncluded": 92,
    "isCallUnlimited": false,
    "callMinutesIncluded": 150,
    "callPricePerMin": 3.0,
    "textPricePerMsg": 0.03,
    "isTextUnlimited": false,
    "textIncluded": 50,
    "planPrice": 30,
    "planId": "25342ae8-55cf-4a7d-91e0-342d794643f5"
  },
  {
    "country": "Iran",
    "planName": "Basic",
    "isDataUnlimited": false,
    "dataIncluded": 8,
    "isCallUnlimited": false,
    "callMinutesIncluded": 200,
    "callPricePerMin": 3.3,
    "textPricePerMsg": 0.46,
    "isTextUnlimited": false,
    "textIncluded": 100,
    "planPrice": 10,
    "planId": "0301a7de-d66b-45f3-8a21-7f2f2174d745"
  },
  {
    "country": "Ireland",
    "planName": "Basic",
    "isDataUnlimited": false,
    "dataIncluded": 60,
    "isCallUnlimited": false,
    "callMinutesIncluded": 150,
    "callPricePerMin": 1.9,
    "textPricePerMsg": 0.98,
    "isTextUnlimited": false,
    "textIncluded": 100,
    "planPrice": 10,
    "planId": "9e15795d-0fe8-4df2-ba70-40d2c6918e90"
  },
  {
    "country": "Israel",
    "planName": "Basic",
    "isDataUnlimited": false,
    "dataIncluded": 44,
    "isCallUnlimited": false,
    "callMinutesIncluded": 100,
    "callPricePerMin": 0.8,
    "textPricePerMsg": 0.93,
    "isTextUnlimited": false,
    "textIncluded": 50,
    "planPrice": 10,
    "planId": "94962eb6-29d0-493e-a4f1-dba2d10e4c0d"
  },
  {
    "country": "Italy",
    "planName": "Basic",
    "isDataUnlimited": false,
    "dataIncluded": 11,
    "isCallUnlimited": false,
    "callMinutesIncluded": 100,
    "callPricePerMin": 1.6,
    "textPricePerMsg": 0.55,
    "isTextUnlimited": false,
    "textIncluded": 100,
    "planPrice": 10,
    "planId": "a1266030-78e9-4fc0-bfe0-df8d65f44d30"
  },
  {
    "country": "Ivory Coast",
    "planName": "Basic",
    "isDataUnlimited": false,
    "dataIncluded": 12,
    "isCallUnlimited": false,
    "callMinutesIncluded": 50,
    "callPricePerMin": 1.1,
    "textPricePerMsg": 0.4,
    "isTextUnlimited": false,
    "textIncluded": 50,
    "planPrice": 20,
    "planId": "d5f8d38b-7a0a-44fa-8c07-8e644b239725"
  },
  {
    "country": "Japan",
    "planName": "Basic",
    "isDataUnlimited": false,
    "dataIncluded": 66,
    "isCallUnlimited": false,
    "callMinutesIncluded": 150,
    "callPricePerMin": 3.8,
    "textPricePerMsg": 0.17,
    "isTextUnlimited": false,
    "textIncluded": 100,
    "planPrice": 10,
    "planId": "75507f32-49b5-4ddc-b21e-01925378179c"
  },
  {
    "country": "Kazakhstan",
    "planName": "Basic",
    "isDataUnlimited": false,
    "dataIncluded": 76,
    "isCallUnlimited": false,
    "callMinutesIncluded": 200,
    "callPricePerMin": 2.0,
    "textPricePerMsg": 0.13,
    "isTextUnlimited": true,
    "textIncluded": 50,
    "planPrice": 10,
    "planId": "2c91673d-b609-41d7-9374-d47982ff9119"
  },
  {
    "country": "Kenya",
    "planName": "Basic",
    "isDataUnlimited": false,
    "dataIncluded": 87,
    "isCallUnlimited": false,
    "callMinutesIncluded": 250,
    "callPricePerMin": 3.3,
    "textPricePerMsg": 1.73,
    "isTextUnlimited": true,
    "textIncluded": 100,
    "planPrice": 30,
    "planId": "e187047d-235b-410d-8adc-f4c45dc72e17"
  },
  {
    "country": "Kosovo",
    "planName": "Basic",
    "isDataUnlimited": false,
    "dataIncluded": 7,
    "isCallUnlimited": false,
    "callMinutesIncluded": 250,
    "callPricePerMin": 3.3,
    "textPricePerMsg": 1.09,
    "isTextUnlimited": true,
    "textIncluded": 50,
    "planPrice": 10,
    "planId": "66645cb2-63cf-4aa5-9f2d-9e670ad7d001"
  },
  {
    "country": "Kuwait",
    "planName": "Basic",
    "isDataUnlimited": false,
    "dataIncluded": 70,
    "isCallUnlimited": false,
    "callMinutesIncluded": 50,
    "callPricePerMin": 2.3,
    "textPricePerMsg": 1.95,
    "isTextUnlimited": true,
    "textIncluded": 50,
    "planPrice": 20,
    "planId": "1602b981-ee12-4332-aa34-a913bee8224e"
  },
  {
    "country": "Kyrgyzstan",
    "planName": "Basic",
    "isDataUnlimited": false,
    "dataIncluded": 21,
    "isCallUnlimited": false,
    "callMinutesIncluded": 200,
    "callPricePerMin": 1.2,
    "textPricePerMsg": 1.53,
    "isTextUnlimited": true,
    "textIncluded": 50,
    "planPrice": 20,
    "planId": "3d53fa24-3733-40ed-9f6a-47c76f04afd4"
  },
  {
    "country": "Laos",
    "planName": "Basic",
    "isDataUnlimited": false,
    "dataIncluded": 40,
    "isCallUnlimited": false,
    "callMinutesIncluded": 100,
    "callPricePerMin": 3.2,
    "textPricePerMsg": 0.5,
    "isTextUnlimited": true,
    "textIncluded": 100,
    "planPrice": 30,
    "planId": "7c5a5480-5e5a-4d60-aab8-47e30858b410"
  },
  {
    "country": "Latvia",
    "planName": "Basic",
    "isDataUnlimited": false,
    "dataIncluded": 61,
    "isCallUnlimited": false,
    "callMinutesIncluded": 50,
    "callPricePerMin": 3.4,
    "textPricePerMsg": 0.52,
    "isTextUnlimited": true,
    "textIncluded": 50,
    "planPrice": 10,
    "planId": "4b913279-4f58-4bb4-8765-80abd2baeb78"
  },
  {
    "country": "Liberia",
    "planName": "Basic",
    "isDataUnlimited": false,
    "dataIncluded": 43,
    "isCallUnlimited": false,
    "callMinutesIncluded": 100,
    "callPricePerMin": 0.5,
    "textPricePerMsg": 0.1,
    "isTextUnlimited": true,
    "textIncluded": 100,
    "planPrice": 30,
    "planId": "28dff24a-4c14-4263-80a3-c38958b84291"
  },
  {
    "country": "Lithuania",
    "planName": "Basic",
    "isDataUnlimited": false,
    "dataIncluded": 16,
    "isCallUnlimited": false,
    "callMinutesIncluded": 250,
    "callPricePerMin": 2.0,
    "textPricePerMsg": 1.38,
    "isTextUnlimited": false,
    "textIncluded": 100,
    "planPrice": 20,
    "planId": "9dbece68-34bb-4e56-a240-ecf5fac94ee8"
  },
  {
    "country": "Macedonia",
    "planName": "Basic",
    "isDataUnlimited": false,
    "dataIncluded": 94,
    "isCallUnlimited": false,
    "callMinutesIncluded": 200,
    "callPricePerMin": 0.9,
    "textPricePerMsg": 1.84,
    "isTextUnlimited": false,
    "textIncluded": 50,
    "planPrice": 20,
    "planId": "c2a781ee-1b17-4bb5-b662-92f58ce08c71"
  },
  {
    "country": "Madagascar",
    "planName": "Basic",
    "isDataUnlimited": false,
    "dataIncluded": 16,
    "isCallUnlimited": false,
    "callMinutesIncluded": 250,
    "callPricePerMin": 4.5,
    "textPricePerMsg": 1.64,
    "isTextUnlimited": false,
    "textIncluded": 50,
    "planPrice": 10,
    "planId": "d30aec86-8519-4cab-97c2-e8947a7cbee3"
  },
  {
    "country": "Malaysia",
    "planName": "Basic",
    "isDataUnlimited": false,
    "dataIncluded": 72,
    "isCallUnlimited": false,
    "callMinutesIncluded": 150,
    "callPricePerMin": 3.9,
    "textPricePerMsg": 0.78,
    "isTextUnlimited": false,
    "textIncluded": 100,
    "planPrice": 10,
    "planId": "b28b50f2-d04b-4311-ba99-854c2645d207"
  },
  {
    "country": "Mali",
    "planName": "Basic",
    "isDataUnlimited": false,
    "dataIncluded": 68,
    "isCallUnlimited": false,
    "callMinutesIncluded": 50,
    "callPricePerMin": 3.7,
    "textPricePerMsg": 1.88,
    "isTextUnlimited": true,
    "textIncluded": 50,
    "planPrice": 10,
    "planId": "d12a0545-7f0a-4172-828b-d01752a2ec0e"
  },
  {
    "country": "Mauritania",
    "planName": "Basic",
    "isDataUnlimited": false,
    "dataIncluded": 34,
    "isCallUnlimited": false,
    "callMinutesIncluded": 100,
    "callPricePerMin": 3.4,
    "textPricePerMsg": 1.99,
    "isTextUnlimited": false,
    "textIncluded": 100,
    "planPrice": 20,
    "planId": "ace934d6-a343-42b1-863b-3b8b39d125b7"
  },
  {
    "country": "Mauritius",
    "planName": "Basic",
    "isDataUnlimited": false,
    "dataIncluded": 23,
    "isCallUnlimited": false,
    "callMinutesIncluded": 200,
    "callPricePerMin": 2.1,
    "textPricePerMsg": 0.23,
    "isTextUnlimited": false,
    "textIncluded": 100,
    "planPrice": 10,
    "planId": "c07f5d82-0a70-40a5-b5c0-fd6df324b2ff"
  },
  {
    "country": "Mexico",
    "planName": "Basic",
    "isDataUnlimited": false,
    "dataIncluded": 44,
    "isCallUnlimited": false,
    "callMinutesIncluded": 150,
    "callPricePerMin": 3.2,
    "textPricePerMsg": 0.82,
    "isTextUnlimited": true,
    "textIncluded": 100,
    "planPrice": 20,
    "planId": "6f76f889-82f0-404b-99a0-e1fa6c83b1b9"
  },
  {
    "country": "Micronesia",
    "planName": "Basic",
    "isDataUnlimited": false,
    "dataIncluded": 22,
    "isCallUnlimited": false,
    "callMinutesIncluded": 250,
    "callPricePerMin": 4.3,
    "textPricePerMsg": 1.64,
    "isTextUnlimited": true,
    "textIncluded": 50,
    "planPrice": 10,
    "planId": "cceb419d-19b7-4723-81fe-a6321b09f5ee"
  },
  {
    "country": "Mongolia",
    "planName": "Basic",
    "isDataUnlimited": false,
    "dataIncluded": 81,
    "isCallUnlimited": false,
    "callMinutesIncluded": 150,
    "callPricePerMin": 3.8,
    "textPricePerMsg": 1.57,
    "isTextUnlimited": true,
    "textIncluded": 100,
    "planPrice": 10,
    "planId": "2910b01f-af1b-4d33-a5e0-007d8e9db776"
  },
  {
    "country": "Montenegro",
    "planName": "Basic",
    "isDataUnlimited": false,
    "dataIncluded": 97,
    "isCallUnlimited": false,
    "callMinutesIncluded": 50,
    "callPricePerMin": 0.5,
    "textPricePerMsg": 1.69,
    "isTextUnlimited": true,
    "textIncluded": 50,
    "planPrice": 10,
    "planId": "c35a595a-959c-4d1d-8356-9281a52d2e73"
  },
  {
    "country": "Morocco",
    "planName": "Basic",
    "isDataUnlimited": false,
    "dataIncluded": 67,
    "isCallUnlimited": false,
    "callMinutesIncluded": 50,
    "callPricePerMin": 1.4,
    "textPricePerMsg": 1.45,
    "isTextUnlimited": false,
    "textIncluded": 50,
    "planPrice": 10,
    "planId": "2a031a8f-6096-440a-823e-f98f7821928b"
  },
  {
    "country": "Myanmar",
    "planName": "Basic",
    "isDataUnlimited": false,
    "dataIncluded": 7,
    "isCallUnlimited": false,
    "callMinutesIncluded": 150,
    "callPricePerMin": 3.3,
    "textPricePerMsg": 0.11,
    "isTextUnlimited": false,
    "textIncluded": 100,
    "planPrice": 30,
    "planId": "5607e069-cb62-4071-94df-1b92c9e9731b"
  },
  {
    "country": "Nepal",
    "planName": "Basic",
    "isDataUnlimited": false,
    "dataIncluded": 79,
    "isCallUnlimited": false,
    "callMinutesIncluded": 50,
    "callPricePerMin": 1.9,
    "textPricePerMsg": 1.27,
    "isTextUnlimited": false,
    "textIncluded": 50,
    "planPrice": 30,
    "planId": "0114039e-8a0a-4606-9fc3-09229a1d7b6c"
  },
  {
    "country": "Netherlands",
    "planName": "Basic",
    "isDataUnlimited": false,
    "dataIncluded": 56,
    "isCallUnlimited": false,
    "callMinutesIncluded": 150,
    "callPricePerMin": 0.7,
    "textPricePerMsg": 0.45,
    "isTextUnlimited": true,
    "textIncluded": 50,
    "planPrice": 30,
    "planId": "d31edf59-84ba-4703-ae1b-c98d38a3e832"
  },
  {
    "country": "New Zealand",
    "planName": "Basic",
    "isDataUnlimited": false,
    "dataIncluded": 47,
    "isCallUnlimited": false,
    "callMinutesIncluded": 250,
    "callPricePerMin": 0.8,
    "textPricePerMsg": 1.31,
    "isTextUnlimited": false,
    "textIncluded": 100,
    "planPrice": 10,
    "planId": "ae10f82d-0674-4d6f-bed5-4a15e64f669c"
  },
  {
    "country": "Nigeria",
    "planName": "Basic",
    "isDataUnlimited": false,
    "dataIncluded": 85,
    "isCallUnlimited": false,
    "callMinutesIncluded": 50,
    "callPricePerMin": 2.5,
    "textPricePerMsg": 0.45,
    "isTextUnlimited": false,
    "textIncluded": 100,
    "planPrice": 20,
    "planId": "d29397b7-8de5-4398-818b-d89fc9444a85"
  },
  {
    "country": "Norway",
    "planName": "Basic",
    "isDataUnlimited": false,
    "dataIncluded": 97,
    "isCallUnlimited": false,
    "callMinutesIncluded": 150,
    "callPricePerMin": 4.4,
    "textPricePerMsg": 1.7,
    "isTextUnlimited": false,
    "textIncluded": 50,
    "planPrice": 20,
    "planId": "5a9e5837-a221-4636-a50e-87dc199fbfca"
  },
  {
    "country": "Oman",
    "planName": "Basic",
    "isDataUnlimited": false,
    "dataIncluded": 80,
    "isCallUnlimited": false,
    "callMinutesIncluded": 100,
    "callPricePerMin": 1.3,
    "textPricePerMsg": 1.93,
    "isTextUnlimited": false,
    "textIncluded": 100,
    "planPrice": 30,
    "planId": "e49a9f3d-d22f-4352-be9d-44211bd35ff7"
  },
  {
    "country": "Pakistan",
    "planName": "Basic",
    "isDataUnlimited": false,
    "dataIncluded": 36,
    "isCallUnlimited": false,
    "callMinutesIncluded": 200,
    "callPricePerMin": 3.4,
    "textPricePerMsg": 1.64,
    "isTextUnlimited": true,
    "textIncluded": 50,
    "planPrice": 20,
    "planId": "098f2d39-91eb-4288-ab6f-0d7bc0ccdce8"
  },
  {
    "country": "Palestinian Territory",
    "planName": "Basic",
    "isDataUnlimited": false,
    "dataIncluded": 53,
    "isCallUnlimited": false,
    "callMinutesIncluded": 200,
    "callPricePerMin": 3.8,
    "textPricePerMsg": 0.91,
    "isTextUnlimited": true,
    "textIncluded": 50,
    "planPrice": 30,
    "planId": "257a7eeb-f6c3-4874-870b-4d76dc17aaf6"
  },
  {
    "country": "Panama",
    "planName": "Basic",
    "isDataUnlimited": false,
    "dataIncluded": 42,
    "isCallUnlimited": false,
    "callMinutesIncluded": 150,
    "callPricePerMin": 3.0,
    "textPricePerMsg": 0.24,
    "isTextUnlimited": false,
    "textIncluded": 50,
    "planPrice": 10,
    "planId": "f6a8410a-394b-406a-a31f-c3155734cfe2"
  },
  {
    "country": "Papua New Guinea",
    "planName": "Basic",
    "isDataUnlimited": false,
    "dataIncluded": 35,
    "isCallUnlimited": false,
    "callMinutesIncluded": 50,
    "callPricePerMin": 1.9,
    "textPricePerMsg": 1.25,
    "isTextUnlimited": true,
    "textIncluded": 50,
    "planPrice": 20,
    "planId": "70b24b4c-9f1e-4c48-92c7-07e7d7127a3a"
  },
  {
    "country": "Paraguay",
    "planName": "Basic",
    "isDataUnlimited": false,
    "dataIncluded": 38,
    "isCallUnlimited": false,
    "callMinutesIncluded": 200,
    "callPricePerMin": 3.5,
    "textPricePerMsg": 1.49,
    "isTextUnlimited": true,
    "textIncluded": 100,
    "planPrice": 20,
    "planId": "eb8b02eb-10bb-48f3-a4ff-236693a3ea26"
  },
  {
    "country": "Peru",
    "planName": "Basic",
    "isDataUnlimited": false,
    "dataIncluded": 16,
    "isCallUnlimited": false,
    "callMinutesIncluded": 200,
    "callPricePerMin": 2.4,
    "textPricePerMsg": 0.85,
    "isTextUnlimited": false,
    "textIncluded": 100,
    "planPrice": 10,
    "planId": "ec867b5d-04dc-463c-93f5-957cb93710f1"
  },
  {
    "country": "Philippines",
    "planName": "Basic",
    "isDataUnlimited": false,
    "dataIncluded": 34,
    "isCallUnlimited": false,
    "callMinutesIncluded": 100,
    "callPricePerMin": 3.4,
    "textPricePerMsg": 0.95,
    "isTextUnlimited": false,
    "textIncluded": 50,
    "planPrice": 30,
    "planId": "9d648faa-f630-4d78-9867-ce28c3b1b1ce"
  },
  {
    "country": "Poland",
    "planName": "Basic",
    "isDataUnlimited": false,
    "dataIncluded": 9,
    "isCallUnlimited": false,
    "callMinutesIncluded": 100,
    "callPricePerMin": 0.4,
    "textPricePerMsg": 0.87,
    "isTextUnlimited": true,
    "textIncluded": 100,
    "planPrice": 20,
    "planId": "3308170b-62e8-4c7a-b25c-c48a296a6800"
  },
  {
    "country": "Portugal",
    "planName": "Basic",
    "isDataUnlimited": false,
    "dataIncluded": 87,
    "isCallUnlimited": false,
    "callMinutesIncluded": 250,
    "callPricePerMin": 2.6,
    "textPricePerMsg": 1.23,
    "isTextUnlimited": true,
    "textIncluded": 50,
    "planPrice": 20,
    "planId": "560b2afd-d98a-4826-b362-80787165527a"
  },
  {
    "country": "Republic of the Congo",
    "planName": "Basic",
    "isDataUnlimited": false,
    "dataIncluded": 1,
    "isCallUnlimited": false,
    "callMinutesIncluded": 100,
    "callPricePerMin": 0.5,
    "textPricePerMsg": 1.19,
    "isTextUnlimited": false,
    "textIncluded": 50,
    "planPrice": 30,
    "planId": "cfa989e7-6c58-44c1-9587-04d2bb437e8d"
  },
  {
    "country": "Russia",
    "planName": "Basic",
    "isDataUnlimited": false,
    "dataIncluded": 86,
    "isCallUnlimited": false,
    "callMinutesIncluded": 250,
    "callPricePerMin": 2.9,
    "textPricePerMsg": 0.2,
    "isTextUnlimited": true,
    "textIncluded": 100,
    "planPrice": 20,
    "planId": "c5237a8b-9dee-4ee5-b51e-01af515dbad4"
  },
  {
    "country": "Saint Kitts and Nevis",
    "planName": "Basic",
    "isDataUnlimited": false,
    "dataIncluded": 34,
    "isCallUnlimited": false,
    "callMinutesIncluded": 200,
    "callPricePerMin": 0.7,
    "textPricePerMsg": 0.14,
    "isTextUnlimited": false,
    "textIncluded": 50,
    "planPrice": 20,
    "planId": "37a70e78-e0d8-460b-893f-658c342fb9f3"
  },
  {
    "country": "Saudi Arabia",
    "planName": "Basic",
    "isDataUnlimited": false,
    "dataIncluded": 12,
    "isCallUnlimited": false,
    "callMinutesIncluded": 250,
    "callPricePerMin": 3.9,
    "textPricePerMsg": 0.66,
    "isTextUnlimited": false,
    "textIncluded": 50,
    "planPrice": 20,
    "planId": "07206f39-e7d2-4be1-9de5-ca2d2cc4c485"
  },
  {
    "country": "Serbia",
    "planName": "Basic",
    "isDataUnlimited": false,
    "dataIncluded": 83,
    "isCallUnlimited": false,
    "callMinutesIncluded": 150,
    "callPricePerMin": 2.4,
    "textPricePerMsg": 1.91,
    "isTextUnlimited": true,
    "textIncluded": 100,
    "planPrice": 10,
    "planId": "1111d87b-90ec-4713-bdb0-6d06e3203967"
  },
  {
    "country": "Sierra Leone",
    "planName": "Basic",
    "isDataUnlimited": false,
    "dataIncluded": 86,
    "isCallUnlimited": false,
    "callMinutesIncluded": 200,
    "callPricePerMin": 1.3,
    "textPricePerMsg": 0.25,
    "isTextUnlimited": false,
    "textIncluded": 100,
    "planPrice": 10,
    "planId": "c318828e-9c5b-4b90-ab91-2a89bcfe4893"
  },
  {
    "country": "Slovenia",
    "planName": "Basic",
    "isDataUnlimited": false,
    "dataIncluded": 12,
    "isCallUnlimited": false,
    "callMinutesIncluded": 250,
    "callPricePerMin": 4.3,
    "textPricePerMsg": 1.15,
    "isTextUnlimited": false,
    "textIncluded": 50,
    "planPrice": 10,
    "planId": "221c3acd-75b8-433f-9448-e3fd1480b91f"
  },
  {
    "country": "Somalia",
    "planName": "Basic",
    "isDataUnlimited": false,
    "dataIncluded": 84,
    "isCallUnlimited": false,
    "callMinutesIncluded": 200,
    "callPricePerMin": 1.8,
    "textPricePerMsg": 0.33,
    "isTextUnlimited": true,
    "textIncluded": 50,
    "planPrice": 10,
    "planId": "30f40914-ef4c-4303-a3ae-693b6f31925b"
  },
  {
    "country": "South Africa",
    "planName": "Basic",
    "isDataUnlimited": false,
    "dataIncluded": 67,
    "isCallUnlimited": false,
    "callMinutesIncluded": 200,
    "callPricePerMin": 2.6,
    "textPricePerMsg": 1.48,
    "isTextUnlimited": false,
    "textIncluded": 100,
    "planPrice": 30,
    "planId": "fd1bc38e-d41a-4b3f-97c6-99cd359315fb"
  },
  {
    "country": "South Korea",
    "planName": "Basic",
    "isDataUnlimited": false,
    "dataIncluded": 46,
    "isCallUnlimited": false,
    "callMinutesIncluded": 50,
    "callPricePerMin": 4.4,
    "textPricePerMsg": 0.39,
    "isTextUnlimited": true,
    "textIncluded": 100,
    "planPrice": 10,
    "planId": "a06b4a6b-28bb-4b6d-ad04-a0f18e0b6686"
  },
  {
    "country": "Spain",
    "planName": "Basic",
    "isDataUnlimited": false,
    "dataIncluded": 97,
    "isCallUnlimited": false,
    "callMinutesIncluded": 100,
    "callPricePerMin": 0.4,
    "textPricePerMsg": 0.5,
    "isTextUnlimited": true,
    "textIncluded": 100,
    "planPrice": 20,
    "planId": "ac59db89-872b-4116-8f07-455ae032edad"
  },
  {
    "country": "Sri Lanka",
    "planName": "Basic",
    "isDataUnlimited": false,
    "dataIncluded": 23,
    "isCallUnlimited": false,
    "callMinutesIncluded": 200,
    "callPricePerMin": 2.0,
    "textPricePerMsg": 1.19,
    "isTextUnlimited": true,
    "textIncluded": 50,
    "planPrice": 30,
    "planId": "9271caec-b04d-4d51-b1a3-c0fb9276aa7a"
  },
  {
    "country": "Sweden",
    "planName": "Basic",
    "isDataUnlimited": false,
    "dataIncluded": 77,
    "isCallUnlimited": false,
    "callMinutesIncluded": 100,
    "callPricePerMin": 0.9,
    "textPricePerMsg": 0.21,
    "isTextUnlimited": true,
    "textIncluded": 100,
    "planPrice": 10,
    "planId": "ed31a2fe-ff02-4838-9f40-b867ed664aa7"
  },
  {
    "country": "Switzerland",
    "planName": "Basic",
    "isDataUnlimited": false,
    "dataIncluded": 16,
    "isCallUnlimited": false,
    "callMinutesIncluded": 50,
    "callPricePerMin": 5.0,
    "textPricePerMsg": 0.95,
    "isTextUnlimited": true,
    "textIncluded": 50,
    "planPrice": 20,
    "planId": "283bd013-e147-46b0-8a9b-1ee72f5fbd51"
  },
  {
    "country": "Syria",
    "planName": "Basic",
    "isDataUnlimited": false,
    "dataIncluded": 56,
    "isCallUnlimited": false,
    "callMinutesIncluded": 250,
    "callPricePerMin": 2.5,
    "textPricePerMsg": 1.98,
    "isTextUnlimited": true,
    "textIncluded": 100,
    "planPrice": 30,
    "planId": "a107dfe0-4e57-4e6b-8fe1-68b568a03ab7"
  },
  {
    "country": "Taiwan",
    "planName": "Basic",
    "isDataUnlimited": false,
    "dataIncluded": 17,
    "isCallUnlimited": false,
    "callMinutesIncluded": 200,
    "callPricePerMin": 4.4,
    "textPricePerMsg": 0.94,
    "isTextUnlimited": true,
    "textIncluded": 100,
    "planPrice": 30,
    "planId": "d9e9f58a-a6c4-4c90-8983-8d50c9e8390d"
  },
  {
    "country": "Tajikistan",
    "planName": "Basic",
    "isDataUnlimited": false,
    "dataIncluded": 13,
    "isCallUnlimited": false,
    "callMinutesIncluded": 50,
    "callPricePerMin": 0.4,
    "textPricePerMsg": 0.11,
    "isTextUnlimited": false,
    "textIncluded": 50,
    "planPrice": 20,
    "planId": "f3fbd66a-2178-427b-b307-9fa70925cffd"
  },
  {
    "country": "Tanzania",
    "planName": "Basic",
    "isDataUnlimited": false,
    "dataIncluded": 69,
    "isCallUnlimited": false,
    "callMinutesIncluded": 150,
    "callPricePerMin": 1.1,
    "textPricePerMsg": 1.45,
    "isTextUnlimited": false,
    "textIncluded": 100,
    "planPrice": 30,
    "planId": "34cb5a94-59fc-4f4c-82f7-28d4eee635fa"
  },
  {
    "country": "Thailand",
    "planName": "Basic",
    "isDataUnlimited": false,
    "dataIncluded": 51,
    "isCallUnlimited": false,
    "callMinutesIncluded": 200,
    "callPricePerMin": 3.1,
    "textPricePerMsg": 1.99,
    "isTextUnlimited": true,
    "textIncluded": 100,
    "planPrice": 30,
    "planId": "5b08b057-fbe2-47a9-9ac8-de2c006e64fd"
  },
  {
    "country": "Togo",
    "planName": "Basic",
    "isDataUnlimited": false,
    "dataIncluded": 5,
    "isCallUnlimited": false,
    "callMinutesIncluded": 200,
    "callPricePerMin": 0.4,
    "textPricePerMsg": 1.44,
    "isTextUnlimited": false,
    "textIncluded": 100,
    "planPrice": 10,
    "planId": "704664b4-fcd5-4987-9aea-d6f2c1329a05"
  },
  {
    "country": "Tunisia",
    "planName": "Basic",
    "isDataUnlimited": false,
    "dataIncluded": 16,
    "isCallUnlimited": false,
    "callMinutesIncluded": 50,
    "callPricePerMin": 2.5,
    "textPricePerMsg": 0.67,
    "isTextUnlimited": true,
    "textIncluded": 100,
    "planPrice": 30,
    "planId": "acee8a6b-c8c9-4e7d-8a57-c7da86f41f33"
  },
  {
    "country": "Turkmenistan",
    "planName": "Basic",
    "isDataUnlimited": false,
    "dataIncluded": 34,
    "isCallUnlimited": false,
    "callMinutesIncluded": 50,
    "callPricePerMin": 0.3,
    "textPricePerMsg": 0.47,
    "isTextUnlimited": false,
    "textIncluded": 100,
    "planPrice": 10,
    "planId": "a6efd85b-a4f7-4a6b-a6fe-e4c649970362"
  },
  {
    "country": "Uganda",
    "planName": "Basic",
    "isDataUnlimited": false,
    "dataIncluded": 91,
    "isCallUnlimited": false,
    "callMinutesIncluded": 50,
    "callPricePerMin": 4.0,
    "textPricePerMsg": 1.18,
    "isTextUnlimited": false,
    "textIncluded": 50,
    "planPrice": 10,
    "planId": "2a7448a3-1722-4c34-b313-b689c65e141f"
  },
  {
    "country": "Ukraine",
    "planName": "Basic",
    "isDataUnlimited": false,
    "dataIncluded": 88,
    "isCallUnlimited": false,
    "callMinutesIncluded": 250,
    "callPricePerMin": 3.4,
    "textPricePerMsg": 0.4,
    "isTextUnlimited": false,
    "textIncluded": 100,
    "planPrice": 20,
    "planId": "1e579602-543d-432a-80c1-1fa84b4ecdd9"
  },
  {
    "country": "United Arab Emirates",
    "planName": "Basic",
    "isDataUnlimited": false,
    "dataIncluded": 28,
    "isCallUnlimited": false,
    "callMinutesIncluded": 200,
    "callPricePerMin": 5.0,
    "textPricePerMsg": 0.54,
    "isTextUnlimited": true,
    "textIncluded": 50,
    "planPrice": 20,
    "planId": "ad71fbc0-175d-406c-adad-9250ad4f0bdd"
  },
  {
    "country": "United Kingdom",
    "planName": "Basic",
    "isDataUnlimited": false,
    "dataIncluded": 4,
    "isCallUnlimited": false,
    "callMinutesIncluded": 100,
    "callPricePerMin": 2.4,
    "textPricePerMsg": 1.63,
    "isTextUnlimited": false,
    "textIncluded": 100,
    "planPrice": 20,
    "planId": "2e667622-5340-46bf-9c48-70cb57ea91a5"
  },
  {
    "country": "Uzbekistan",
    "planName": "Basic",
    "isDataUnlimited": false,
    "dataIncluded": 17,
    "isCallUnlimited": false,
    "callMinutesIncluded": 150,
    "callPricePerMin": 3.9,
    "textPricePerMsg": 0.51,
    "isTextUnlimited": true,
    "textIncluded": 50,
    "planPrice": 20,
    "planId": "c15f57d6-9e16-47a6-8ce8-fb045d647968"
  },
  {
    "country": "Venezuela",
    "planName": "Basic",
    "isDataUnlimited": false,
    "dataIncluded": 33,
    "isCallUnlimited": false,
    "callMinutesIncluded": 150,
    "callPricePerMin": 2.8,
    "textPricePerMsg": 0.13,
    "isTextUnlimited": false,
    "textIncluded": 50,
    "planPrice": 10,
    "planId": "f8a0a318-5b5c-44fb-98f6-77d40f64f879"
  },
  {
    "country": "Vietnam",
    "planName": "Basic",
    "isDataUnlimited": false,
    "dataIncluded": 13,
    "isCallUnlimited": false,
    "callMinutesIncluded": 250,
    "callPricePerMin": 1.2,
    "textPricePerMsg": 0.36,
    "isTextUnlimited": false,
    "textIncluded": 100,
    "planPrice": 10,
    "planId": "f6848a77-4959-4e37-9256-968e1fe2bf69"
  },
  {
    "country": "Yemen",
    "planName": "Basic",
    "isDataUnlimited": false,
    "dataIncluded": 62,
    "isCallUnlimited": false,
    "callMinutesIncluded": 200,
    "callPricePerMin": 1.0,
    "textPricePerMsg": 1.44,
    "isTextUnlimited": true,
    "textIncluded": 100,
    "planPrice": 10,
    "planId": "67f42e7a-82b3-44e2-a61f-df425ccd10b5"
  },
  {
    "country": "Zambia",
    "planName": "Basic",
    "isDataUnlimited": false,
    "dataIncluded": 81,
    "isCallUnlimited": false,
    "callMinutesIncluded": 200,
    "callPricePerMin": 2.4,
    "textPricePerMsg": 0.03,
    "isTextUnlimited": false,
    "textIncluded": 50,
    "planPrice": 30,
    "planId": "bc043609-ef9a-4f6a-8c79-800c86e31670"
  },
  {
    "country": "Zimbabwe",
    "planName": "Basic",
    "isDataUnlimited": false,
    "dataIncluded": 27,
    "isCallUnlimited": false,
    "callMinutesIncluded": 100,
    "callPricePerMin": 4.6,
    "textPricePerMsg": 0.26,
    "isTextUnlimited": false,
    "textIncluded": 100,
    "planPrice": 30,
    "planId": "c5531fa0-a357-45a5-936d-098b104d0a55"
  }
]